web-scraper-order,web-scraper-start-url,rooms_area_price_raw,address_raw,price_raw,description_raw,text_raw
"1692628368-1","https://www.immoscout24.ch/de/immobilien/mieten/ort-winterthur?pn=6","1 Zimmer, CHF 900.—","8400 Winterthur, ZH","","«günstiges möbliertes Zimmer in Winterthur»","1 Zimmer, CHF 900.—8400 Winterthur, ZH«günstiges möbliertes Zimmer in Winterthur»Wir bieten Ihnen ein gepflegtes möbliertes Zimmer in Winterthur an. Die Wohnung wird wöchentlich wird - und dieser Service ist bereits in der Miete enthalten. Sauberkeit ist uns sehr wichtig!Das Zimmer ist hell und modern eingerichtet, mit einem bequemen Bett, einem Tisch mit Stuhl, einem grossen Kleiderschrank, Lampen, einem Regal und einem LCD-TV. Sie erhalten zudem kostenloses WLAN.Alle Nebenkosten, einschliesslich Strom, Wasser und Heizung, sind in der Miete enthalten.Sie teilen sich das Badezimmer und die Küche mit freundlichen und ruhigen"
"1692628368-2","https://www.immoscout24.ch/de/immobilien/mieten/ort-winterthur?pn=6","1 Zimmer, CHF 1300.—","Obergasse, 8400 Winterthur, ZH","","«Studio im Zentrum von Winterthur»","1 Zimmer, CHF 1300.—Obergasse, 8400 Winterthur, ZH«Studio im Zentrum von Winterthur»Mitten in der Altstadt vermieten wir schöne Studios. Sie können bequem alles zu Fuss erreichen. Die Hochschulen bzw. der Hauptbahnhof sind ebenfalls in wenigen Gehminuten erreichbar.Alle Nebenkosten sind im Mietzins inklusive. ein kostenloses WLAN ist ebenfalls im Mietzins inklusive.Ihr Studio wird vor dem Einzug neu gestrichen. Die Küche und das Badezimmer sind etwas älter aber in einem einwandfreien und gepflegten Zustand. Ein Lift ist vorhanden.Wir machen keine Massenbesichtigungen, sondern nehmen uns für jeden einzelnen Interessenten persön"
"1692628368-3","https://www.immoscout24.ch/de/immobilien/mieten/ort-winterthur?pn=6","1 Zimmer, 20 m², CHF 1400.—","8400 Winterthur, ZH","","«Studio in Altstadt von Winterthur»","1 Zimmer, 20 m², CHF 1400.—8400 Winterthur, ZH«Studio in Altstadt von Winterthur»Mitten in der Altstadt vermieten wir schöne Studios. Sie können bequem alles zu Fuss erreichen. Die Hochschulen bzw. der Hauptbahnhof sind ebenfalls in wenigen Gehminuten erreichbar.Alle Nebenkosten sind im Mietzins inklusive. ein kostenloses WLAN ist ebenfalls im Mietzins inklusive.Ihr Studio wird vor dem Einzug neu gestrichen. Die Küche und das Badezimmer sind etwas älter aber in einem einwandfreien und gepflegten Zustand. Ein Lift ist vorhanden.Wir machen keine Massenbesichtigungen, sondern nehemn uns für jeden einzelnen Interessenten persön"
"1692628368-4","https://www.immoscout24.ch/de/immobilien/mieten/ort-winterthur?pn=6","CHF 280.—","8404 Winterthur, ZH","","«Ferienhaus in Wildhaus»","CHF 280.—8404 Winterthur, ZH«Ferienhaus in Wildhaus»"
"1692628368-5","https://www.immoscout24.ch/de/immobilien/mieten/ort-winterthur?pn=6","2 Zimmer, 50 m², CHF 100.—","8400 Winterthur, ZH","","«Vermiete massage Zimmer»","2 Zimmer, 50 m², CHF 100.—8400 Winterthur, ZH«Vermiete massage Zimmer»"
"1692628372-6","https://www.immoscout24.ch/de/immobilien/mieten/ort-winterthur?pn=5","3,5 Zimmer, 86 m², CHF 2350.—","Riedhofstrasse 45, 8408 Winterthur, ZH","","«Neue moderne 3.5-Zimmerwohnung an zentraler Lage»","3,5 Zimmer, 86 m², CHF 2350.—Riedhofstrasse 45, 8408 Winterthur, ZH«Neue moderne 3.5-Zimmerwohnung an zentraler Lage»"
"1692628372-7","https://www.immoscout24.ch/de/immobilien/mieten/ort-winterthur?pn=5","3,5 Zimmer, 88 m², CHF 1990.—","Wieshofstrasse 24, 8408 Winterthur, ZH","","«Renovierte Altbauwohnung in Wülflingen»","3,5 Zimmer, 88 m², CHF 1990.—Wieshofstrasse 24, 8408 Winterthur, ZH«Renovierte Altbauwohnung in Wülflingen»"
"1692628372-8","https://www.immoscout24.ch/de/immobilien/mieten/ort-winterthur?pn=5","3,5 Zimmer, 80 m², CHF 2232.—","8400 Winterthur, ZH","","«MÖBLIERT, TEMPORÄR: 3½ ZI-WOHNUNG IN WINTERTHUR - WÜLFLINGEN»","3,5 Zimmer, 80 m², CHF 2232.—8400 Winterthur, ZH«MÖBLIERT, TEMPORÄR: 3½ ZI-WOHNUNG IN WINTERTHUR - WÜLFLINGEN»MIETDAUER ab 3. Januar 2024 bis 17. Mai 2024 (mind. 4 Monate) Charmante Altbau Wohnung im Erdgeschoss in einem ruhigen & freundlichen Quartier mit viel umliegender Natur & trotzdem nah am Bahnhof, 80m², im 1. Stock, 1 Terrasse, Garten, Gartensitzplatz (zur Mitbenützung), Öffentliche Parkplätze in der Nähe. Inkl. Heizung, Strom, Wasser, Internet, ... Weitere Infos, Fragen & Besichtigen: ums.ch/angebots-detail/60119/English: ums.ch/offer-detail/60119/Français: ums.ch/offre-detail/60119/"
"1692628372-9","https://www.immoscout24.ch/de/immobilien/mieten/ort-winterthur?pn=5","2,5 Zimmer, 55 m², CHF 1770.—","Wülflingerstrasse 155, 8408 Winterthur, ZH","","«Urbanes Wohnerlebnis»","2,5 Zimmer, 55 m², CHF 1770.—Wülflingerstrasse 155, 8408 Winterthur, ZH«Urbanes Wohnerlebnis»Per sofort oder nach Vereinbarung vermieten wir diese schöne 2.5-Zimmerwohnung im Herzen von Winterthur. Die Wohnung bietet Ihnen folgende Annehmlichkeiten: - Schlafzimmer mit Laminatboden- Küche und Nasszelle mit pflegeleichtem Boden- Grosses Wohnzimmer mit viel Tageslicht- Helles und geräumiges Zimmer- Küche mit Glaskeramikherd, Geschirrspüler, und ausreichend Stauraum für Ihre Küchenutensilien- Badezimmer mit WC, Lavabo, Spiegelschrank und Dusche- Korridor mit praktischen Einbauschränken- Waschküche und Trockenraum zur Mitbenutzung HaustiereAnbieter kontaktierenKontaktieren"
"1692628372-10","https://www.immoscout24.ch/de/immobilien/mieten/ort-winterthur?pn=5","4,5 Zimmer, 125 m², CHF 2564.—","Sulzerallee 87, 8404 Winterthur, ZH","","«Höchstmass an Wohngenuss»","4,5 Zimmer, 125 m², CHF 2564.—Sulzerallee 87, 8404 Winterthur, ZH«Höchstmass an Wohngenuss»"
"1692628372-11","https://www.immoscout24.ch/de/immobilien/mieten/ort-winterthur?pn=5","4 Zimmer, 100 m², CHF 3125.—","8400 Winterthur, ZH","","«MÖBLIERT, TEMPORÄR: 4 ZIMMER-DACHWOHNUNG IN WINTERTHUR - STADT»","4 Zimmer, 100 m², CHF 3125.—8400 Winterthur, ZH«MÖBLIERT, TEMPORÄR: 4 ZIMMER-DACHWOHNUNG IN WINTERTHUR - STADT»MIETDAUER ab 1. Januar 2024 bis 30. Juni 2024 (mind. 6 Monate) Erleben Sie den Charme der historischen Altstadt von Winterthur in dieser einzigartigen 4-Zimmer-Wohnung! Die Wohnung ist komplett möbliert und bietet Ihnen ein komfortables und stilvolles Wohnen, 100m², im 3. Stock, mit Lift, Öffentliche Parkplätze in der Nähe, Autobahneinfahrt in der Nähe. Inkl. Heizung, Strom, Wasser, Internet, TV (inkl. Anschluss und Abo), ... Weitere Infos, Fragen & Besichtigen: ums.ch/angebots-detail/60158/English: ums.ch/offer-detail/60158/Français: ums.ch/of"
"1692628372-12","https://www.immoscout24.ch/de/immobilien/mieten/ort-winterthur?pn=5","2,5 Zimmer, 55 m², CHF 2450.—","Tössfeldstrasse 67, 8406 Winterthur, ZH","","«Exklusives Business Apartment»","2,5 Zimmer, 55 m², CHF 2450.—Tössfeldstrasse 67, 8406 Winterthur, ZH«Exklusives Business Apartment»An zentraler Lage in Winterthur vermieten wir eine hochwertig möblierte 2.5-Zimmer-Wohnung. Die Wohnung ist einem modern saniertem und grosszügigen Mehrfamilienhaus in Winterthur. Grosszügige Fenster garantieren einen lichtdurchfluteten Raum mit angenehmer Wohnatmosphäre. Die Wohnung verfügt zudem über einen Balkon, grosse Badewanne, Reduit in der Wohnung, moderne Küche und einem praktischen Grundriss.Die Bushaltestelle befindet sich nur wenige Meter entfernt und bringt Sie bequem zum Hauptbahnhof Winterthur. In der nahen Umgebung befinden sich"
"1692628372-13","https://www.immoscout24.ch/de/immobilien/mieten/ort-winterthur?pn=5","1,5 Zimmer, 36 m², CHF 2100.—","Zürcherstrasse 143, 8406 Winterthur, ZH","","«BUSINESS APARTMENT - Voll möbliert»","1,5 Zimmer, 36 m², CHF 2100.—Zürcherstrasse 143, 8406 Winterthur, ZH«BUSINESS APARTMENT - Voll möbliert»An zentraler Lage in Winterthur vermieten wir eine hochwertig möblierte 1.5-Zimmer-Wohnung. Die Wohnung ist in einem modernen Mehrfamilienhaus in Winterthur. Grosszügige Fenster garantieren einen lichtdurchfluteten Raum mit angenehmer Wohnatmosphäre. Die Wohnung verfügt über eine Loggia, grosse Dusche mit Glastrennwand, eigene WM/TU, eine moderne Küche und einem praktischen Grundriss.Die Bushaltestelle befindet sich nur wenige Meter entfernt und bringt Sie bequem zum Hauptbahnhof Winterthur. In der nahen Umgebung befinden sich zahlreiche Restau"
"1692628372-14","https://www.immoscout24.ch/de/immobilien/mieten/ort-winterthur?pn=5","2,5 Zimmer, 62 m², CHF 2220.—","8400 Winterthur, ZH","","«MÖBLIERT, TEMPORÄR: 2½ ZI-WOHNUNG IN WINTERTHUR - VELTHEIM»","2,5 Zimmer, 62 m², CHF 2220.—8400 Winterthur, ZH«MÖBLIERT, TEMPORÄR: 2½ ZI-WOHNUNG IN WINTERTHUR - VELTHEIM»MIETDAUER ab 4. Dezember 2023 bis 23. Februar 2024. Gemütliche 2 1/2 Zimmerwohnung im Quartier Veltheim, unmittelbar in der Nähe der Busstation Bachtelstrasse, Bahnhof Winterthur in 10 Minuten und Einkaufsmöglichkeiten in 5 Minuten zu Fuss erreichbar, 62m², im 1. Stock, Gartensitzplatz (zur Mitbenützung), 1 eigener Parkplatz, Öffentliche Parkplätze in der Nähe. Inkl. Heizung, Strom, Wasser, Internet, TV (inkl. Anschluss und Abo), ... Weitere Infos, Fragen & Besichtigen: ums.ch/angebots-detail/60152/English: ums.ch/offer-detail/60152/Français: u"
"1692628372-15","https://www.immoscout24.ch/de/immobilien/mieten/ort-winterthur?pn=5","4 Zimmer, CHF 2478.—","8400 Winterthur, ZH","","«MÖBLIERT, TEMPORÄR: 4 ZI-WOHNUNG IN WINTERTHUR»","4 Zimmer, CHF 2478.—8400 Winterthur, ZH«MÖBLIERT, TEMPORÄR: 4 ZI-WOHNUNG IN WINTERTHUR»MIETDAUER ab 20. September 2023 bis 16. Dezember 2023. Unsere Wohnung mit Blick ins Grüne hat grosse, helle Zimmer. Wir nutzen sie als Paar, sie kann aber gut in eine WG umgewandelt werden. Es gibt 1 Bad, 1 Küche und vier Zimmer, eines mit Balkon, im 4. Stock, mit Lift, 1 Balkon, Öffentliche Parkplätze in der Nähe. Inkl. Heizung, Strom, Wasser, Internet, ... Weitere Infos, Fragen & Besichtigen: ums.ch/angebots-detail/60077/English: ums.ch/offer-detail/60077/Français: ums.ch/offre-detail/60077/"
"1692628372-16","https://www.immoscout24.ch/de/immobilien/mieten/ort-winterthur?pn=5","3,5 Zimmer, 85 m², CHF 2716.—","Hirschweg 35, 8405 Winterthur, ZH","","«MODERNE Attika-Wohnung in Winterthur!»","3,5 Zimmer, 85 m², CHF 2716.—Hirschweg 35, 8405 Winterthur, ZH«MODERNE Attika-Wohnung in Winterthur!»Diese schöne Attika-Wohnung befindet sich in Winterthur im Stadtkreis Seen. Diverse Einkaufsmöglichkeiten, Restaurants und Schulen befindet sich in unmittelbarer Nähe. Das Einkaufszentrum Shopping Seen ist in 4 Fahrminuten oder 12 Minuten zu Fuss erreichbar. Der Autobahnzubringer ist nur in zwei Fahrminute entfernt. Bei den publizierten Bildern handelt es sich um typenähnliche / typengleiche Wohnungen. Abweichungen zum effektiven Angebot sind deshalb möglich. Highlights:moderne Küche mit hochwertigen Geräten lichtdurchfluteter Wohn-/EssbereichB"
"1692628372-17","https://www.immoscout24.ch/de/immobilien/mieten/ort-winterthur?pn=5","1,5 Zimmer, 46 m², CHF 2200.—","Kanzleistrasse 57, 8405 Winterthur, ZH","","«Modernes Design Business Apartment»","1,5 Zimmer, 46 m², CHF 2200.—Kanzleistrasse 57, 8405 Winterthur, ZH«Modernes Design Business Apartment»In Winterthur Seen vermieten wir ein hochwertig möbliertes 1.5-Zimmer-Apartment mit 46 m2 Wohnfläche. Das Apartment befindet sich in einer rundum erneuerten Liegenschaft gleich neben dem S-Bahnhof Winterthur Seen. Grosse Fenster garantieren einen lichtdurchfluteten Raum mit angenehmer Wohnatmosphäre. Die Wohnung verfügt über eine geräumigen Balkon, eine grosse Badewanne mit Dusche, eine abgetrennte und moderne Küche sowie einen individuellen Grundriss. Bei diesem Apartment kann ein Autoabstellplatz dazugemietet werden.Der S-Bahnhof befindet sic"
"1692628372-18","https://www.immoscout24.ch/de/immobilien/mieten/ort-winterthur?pn=5","1,5 Zimmer, 46 m², CHF 2200.—","Kanzleistrasse 57, 8405 Winterthur, ZH","","«Modernes Design Business Apartment»","1,5 Zimmer, 46 m², CHF 2200.—Kanzleistrasse 57, 8405 Winterthur, ZH«Modernes Design Business Apartment»In Winterthur Seen vermieten wir ein hochwertig möbliertes 1.5-Zimmer-Apartment mit 46 m2 Wohnfläche. Das Apartment befindet sich in einer rundum erneuerten Liegenschaft gleich neben dem S-Bahnhof Winterthur Seen. Grosse Fenster garantieren einen lichtdurchfluteten Raum mit angenehmer Wohnatmosphäre. Die Wohnung verfügt über eine geräumigen Balkon, eine grosse Badewanne mit Dusche, eine abgetrennte und moderne Küche sowie einen individuellen Grundriss. Bei diesem Apartment kann ein Autoabstellplatz dazugemietet werden.Der S-Bahnhof befindet sic"
"1692628372-19","https://www.immoscout24.ch/de/immobilien/mieten/ort-winterthur?pn=5","4,5 Zimmer, CHF 2200.—","Tösstalstrasse, 8405 Winterthur, ZH","","«4.5 Zimmerwohnung zu vermieten in Winterthur Seen»","4,5 Zimmer, CHF 2200.—Tösstalstrasse, 8405 Winterthur, ZH«4.5 Zimmerwohnung zu vermieten in Winterthur Seen»Wir vermieten an sehr guter Lage in Winterthur Seen eine 4.5 Zimmerwohnung mit Küche, Bad / WC, Wohnzimmer und weiterem Raumangebot.Einkaufsmöglichkeiten, Gastronomie, Schulen und Tankstellen auch in der Nähe.Haben wir Ihr Interesse geweckt? Rufen Sie uns an für einen Besichtigungstermin.Wir freuen uns auf Sie!Westdoor AG"
"1692628372-20","https://www.immoscout24.ch/de/immobilien/mieten/ort-winterthur?pn=5","2 Zimmer, 52 m², CHF 1500.—","Rieterstrasse 5, 8406 Winterthur, ZH","","«Zentrumsnahe, helle Wohnung»","2 Zimmer, 52 m², CHF 1500.—Rieterstrasse 5, 8406 Winterthur, ZH«Zentrumsnahe, helle Wohnung»Der Besichtigungstermin ohne Voranmeldung findet am:Samstag, 19. August 2023 von 11.00 Uhr bis 12.00 Uhr statt.Ein Anmeldeformular erhalten Sie vor Ort.Bitte klingeln Sie bei Fam. Mojsilovic.Per 01.11.2023 vermieten wir diese Wohnung in Winterthur-Töss.- Grosszügige Küche mit Glaskeramik Kochfeld, Backofen, grossem Kühlschrank- Badezimmer mit Badewanne, Lavabo und WC  (wird im Oktober 2023 komplett saniert - Beispielfoto)- Zimmer mit Laminat- Einbauschrank im Eingangsbereich- Eigenes Kellerabteil im UG- Waschküche zur Mitbenützung"
"1692628372-21","https://www.immoscout24.ch/de/immobilien/mieten/ort-winterthur?pn=5","2 Zimmer, 60 m², CHF 1990.—","Neumarkt 7, 8400 Winterthur, ZH","","«Dachwohnung in Winterthur»","2 Zimmer, 60 m², CHF 1990.—Neumarkt 7, 8400 Winterthur, ZH«Dachwohnung in Winterthur»"
"1692628372-22","https://www.immoscout24.ch/de/immobilien/mieten/ort-winterthur?pn=5","6,5 Zimmer, 210 m², CHF 4400.—","8400 Winterthur, ZH","","«Erstvermietung: Grosszügiges Wohnen am Heiligberg»","6,5 Zimmer, 210 m², CHF 4400.—8400 Winterthur, ZH«Erstvermietung: Grosszügiges Wohnen am Heiligberg»Diese ansprechende, barrierefreie Liegenschaft besticht durch einen sehr gepflegten Zustand, ein tolles Raumangebot und viele Einbauschränke. Die Wohnung wurde frisch renoviert und verfügt über eine komplett neue, sehr hochwertige Küche mit top Geräten. Eine schöne Terrasse mit Option «Wintergarten» bietet einen entspannten Blick ins Grüne.- 6.5 Zimmer plus 2 Bäder- Nettowohnfläche: ca. 210 m2- Terrasse/Balkon: ca. 25 m²- Mietpreis inkl. PP: 4?400 CHF- Referenz:W-02OOEH- Barrierefreie, sehr gepflegte Wohnung im Eigentumsstandard- Grosses Wohn-/"
"1692628372-23","https://www.immoscout24.ch/de/immobilien/mieten/ort-winterthur?pn=5","3 Zimmer, 62 m², CHF 1747.—","Wülflingerstrasse 288, 8408 Winterthur, ZH","","«Ruhig gelegene 3-Zimmerwohnung nahe Stadtzentrum!»","3 Zimmer, 62 m², CHF 1747.—Wülflingerstrasse 288, 8408 Winterthur, ZH«Ruhig gelegene 3-Zimmerwohnung nahe Stadtzentrum!»Die beiden Mehrfamilienhäuser an der Wülflingerstrasse 288/290, 8408 Winterthur stehen im Stadteil Wülflingen. In der Umgebung befinden sich mehrere Einkaufsmöglichkeiten wie Coop und Migros sowie diverse Tankstellen und eine Postfiliale. Im Quartier finden Sie alle Geschäfter die Sie täglich benötigen! Der Bahnhof Wülflingen ist in 10 Gehminuten erreichbar, divesere Bushaltestellen befinden sich in kurzer Distanz von der Liegenschaft entfernt. Mit den öffentlichen Verkehrsmitteln erreichen Sie in unter 10 Minuten das Stadtzentrum von Winterthu"
"1692628372-24","https://www.immoscout24.ch/de/immobilien/mieten/ort-winterthur?pn=5","2,5 Zimmer, 55 m², CHF 1764.—","8409 Winterthur, ZH","","«MÖBLIERT, TEMPORÄR: 2½ ZI-WOHNUNG IN WINTERTHUR»","2,5 Zimmer, 55 m², CHF 1764.—8409 Winterthur, ZH«MÖBLIERT, TEMPORÄR: 2½ ZI-WOHNUNG IN WINTERTHUR»MIETDAUER ab 26. Oktober 2023 bis 25. November 2023. Charmante, lichtdurchflutete und moderne Dachwohnung. Gemütlich eingerichtet und mit allem ausgestattet, was das Herz begehrt. Sehr gut mit ÖV erschlosse; diverse Einkaufsläden in unmittelbarer Nähe, 55m², im 2. Stock, 1 Balkon, Öffentliche Parkplätze in der Nähe. Inkl. Heizung, Strom, Wasser, Internet, ... Weitere Infos, Fragen & Besichtigen: ums.ch/angebots-detail/59999/English: ums.ch/offer-detail/59999/Français: ums.ch/offre-detail/59999/"
"1692628372-25","https://www.immoscout24.ch/de/immobilien/mieten/ort-winterthur?pn=5","1 Zimmer, 17 m², CHF 1420.—","Wülflingerstrasse 38, 8400 Winterthur, ZH","","«Erstvermietung! Lichtdurchflutete Studio in Winterthur zu vermieten»","1 Zimmer, 17 m², CHF 1420.—Wülflingerstrasse 38, 8400 Winterthur, ZH«Erstvermietung! Lichtdurchflutete Studio in Winterthur zu vermieten»"
"1692628372-26","https://www.immoscout24.ch/de/immobilien/mieten/ort-winterthur?pn=5","2,5 Zimmer, 55 m², CHF 2350.—","Eichliackerstrasse 8, 8406 Winterthur, ZH","","«Business- Appartement möbliert zu vermieten»","2,5 Zimmer, 55 m², CHF 2350.—Eichliackerstrasse 8, 8406 Winterthur, ZH«Business- Appartement möbliert zu vermieten»Wir vermieten eine modern möblierte 2.5 Zimmer Wohnung in Winterthur.Das 2.5 Zimmer Apartment liegt an zentraler und ruhiger Lage, in der Nähe des Hauptbahnhofes und Autobahnanschluss Winterthur-Töss.Zürich erreicht man mit dem Zug in weniger als 15 Minuten.Die Wohnung liegt Nahe des Naherholungsgebietes Töss. Das Apartment ist ausgestattet mit Internetanschluss, Internettelefon, Digital-TV, Radio-CD-Player, DVD, moderner Küche mit Granitabdeckung, GK, GS, Nespresso-Kaffeemaschine.Besichtigungen finden nach Vereinbarung statt."
"1692628372-27","https://www.immoscout24.ch/de/immobilien/mieten/ort-winterthur?pn=5","1 Zimmer, 18 m², CHF 995.—","Unterwegli 7, 8400 Winterthur, ZH","","«modern möbliertes Zimmer im Zentrum von Winterthur»","1 Zimmer, 18 m², CHF 995.—Unterwegli 7, 8400 Winterthur, ZH«modern möbliertes Zimmer im Zentrum von Winterthur»Per sofort verfügbares möbliertes Zimmer in Winterthur. Sie können bequem alles zu Fuss erreichen.Alle Nebenkosten sind im Mietzins inklusive. Ein kostenloses WLAN ist ebenfalls im Mietzins inklusive.Komplett möbliert mit schnellen WLan, grossem LCD TV etc. sehr modern!Wie benötigen keine Betreibungsauszüge oder Referenzen. Wir geben allen Menschen eine Chance."
"1692628372-28","https://www.immoscout24.ch/de/immobilien/mieten/ort-winterthur?pn=5","8,5 Zimmer, 214 m², CHF 4730.—","Hobelwerkweg 43, 8404 Winterthur, ZH","","«Clusterwohnungen»","8,5 Zimmer, 214 m², CHF 4730.—Hobelwerkweg 43, 8404 Winterthur, ZH«Clusterwohnungen»Es geht los - wir starten mit der Vermietung im Hobelwerk!Die Baugenossenschaft mehr als wohnen realisiert auf einem ehemaligen Industrie-Areal in Oberwinterthur ein neues «Leuchtturmprojekt», das Hobelwerk. Auf rund 15'0000 Quadratmetern Land entstehen 5 Häuser mit mehr als 160 Wohnungen mit ganz verschiedenen Grössen und Zuschnitt. Dazu gibt es Gewerberäume und viele gemeinschaftlich genutzte Flächen. Neue Wohn- und Arbeitsformen werden, genauso wie Mitwirkung, Gemeinschaft und Nachhaltigkeit, gefördert. Viele weitere Informationen zur Genoss"
"1692628372-29","https://www.immoscout24.ch/de/immobilien/mieten/ort-winterthur?pn=5","2 Zimmer, 47 m², CHF 1770.—","Neumarkt 7, 8400 Winterthur, ZH","","«Altstadtwohnung am Neumarkt»","2 Zimmer, 47 m², CHF 1770.—Neumarkt 7, 8400 Winterthur, ZH«Altstadtwohnung am Neumarkt»"
"1692628376-30","https://www.immoscout24.ch/de/immobilien/mieten/ort-winterthur?pn=4","1 Zimmer, 49 m², CHF 1390.—","Wartstr. 30, 8400 Winterthur, ZH","","«Perfekte Single-Wohnung direkt am Bahnhof «Mieten ohne Kaution»»","1 Zimmer, 49 m², CHF 1390.—Wartstr. 30, 8400 Winterthur, ZH«Perfekte Single-Wohnung direkt am Bahnhof «Mieten ohne Kaution»»Diese tolle Wohnung an zentraler Lage überzeugt mit folgenden Eigenschaften:- Kochnische mit Glaskeramik und Backofen- Ganze Wohnung Parkett- Wandschrank im Korridor- Dusche/WC- 2. Stock mit Lift- Kein BalkonDen Hauptbahnhof erreichen Sie zu Fuss in nur 2 Gehminuten. Ausserdem gibt es diverse Einkaufsmöglichkeiten in unmittelbarer Gehdistanz und die Altstadt ist auch nicht weit entfernt. Schauen Sie rein, vereinbaren Sie noch heute einen Besichtigungstermin und überzeugen Sie sich selbst von der Wohnung.(Die Bilder entsprechen dem Standard der Anbieter kontaktierenKontaktieren"
"1692628376-31","https://www.immoscout24.ch/de/immobilien/mieten/ort-winterthur?pn=4","6,5 Zimmer, 143 m², CHF 3017.—","Am Eulachpark 25, 8404 Winterthur, ZH","","«Sie suchen die spezielle Maisonettewohnung?»","6,5 Zimmer, 143 m², CHF 3017.—Am Eulachpark 25, 8404 Winterthur, ZH«Sie suchen die spezielle Maisonettewohnung?»- Maisonettwohnung (Wohnen auf zwei Stockwerken) - Bodenbeläge Riemenparkett- Raumhohe Fenster- Grosszügige Küche mit Geschirrspüler und Glaskeramik- Waschturm (WA/WT) im Reduit- Bad/WC mit Doppellavabo- Dusche/WC- Lift- Balkon- Einstellplätze vorhandenDie Bilder zeigen den Standard der Liegenschaft und entsprechen nicht immer der angebotenen Wohnung.Anbieter kontaktierenKontaktieren"
"1692628376-32","https://www.immoscout24.ch/de/immobilien/mieten/ort-winterthur?pn=4","1 Zimmer, 132 m², CHF 3260.—","Katharina Sulzer Platz 2, 8400 Winterthur, ZH","","«In Loft-iger Höhe MIETEN OHNE KAUTION»","1 Zimmer, 132 m², CHF 3260.—Katharina Sulzer Platz 2, 8400 Winterthur, ZH«In Loft-iger Höhe MIETEN OHNE KAUTION»Licht und Luft erfüllen Ihr neues Zuhause...- modernste Architektur- Wohnfläche ca. 131 m2- origineller Grundriss- hoher, heller Raum- Parkett- und Plattenbeläge- Küche mit Glaskeramik, Geschirrspüler und Steamer- Bad/WC mit Doppellavabo- eigener Waschturm- Wandschränke- grosse, eigene Terrasse- Keller- 5. Stock mit Lift- direkt am Katharina Sulzer Platz- Bahnhof, Einkaufsmöglichkeiten, Restaurants, ZHAW, etc. alles zu Fuss oder mit dem Fahrrad erreichbar- Einstellplätze können für CHF 175.- pro Monat dazu gemietet werden.>> siehe auch www.kranAnbieter kontaktierenKontaktieren"
"1692628376-33","https://www.immoscout24.ch/de/immobilien/mieten/ort-winterthur?pn=4","3,5 Zimmer, 73 m², CHF 1660.—","Maienstrasse 2, 8406 Winterthur, ZH","","«Attraktive Wohnung an zentraler Lage»","3,5 Zimmer, 73 m², CHF 1660.—Maienstrasse 2, 8406 Winterthur, ZH«Attraktive Wohnung an zentraler Lage»Per 01.09.2023 vermieten wir diese 3.5-Zimmerwohnung an zentraler Lage.Diese Wohnung bietet Ihnen folgende Vorzüge:- Wohn- und Schlafzimmer mit Parkettboden- Badezimmer und Küche mit PVC-Boden- Grosse und helle Zimmer- Küche mit Herdplatten, Backofen, Stauraum für Ihre Küchenutensilien und Tageslicht- Badezimmer mit WC, Waschbecken, Spiegelschrank und Badewanne- Praktische Einbauschränke im Korridor- Balkon für gemütliche Sonnenstunden- Separates Kellerabteil im Untergeschoss- Waschküche und Trockenraum zur MitbenutzungHaustiere sind erlaubt.BeAnbieter kontaktierenKontaktieren"
"1692628376-34","https://www.immoscout24.ch/de/immobilien/mieten/ort-winterthur?pn=4","1 Zimmer, 27 m², CHF 1120.—","Römerstrasse 145, 8404 Winterthur, ZH","","«Preiswerte 1 Zimmerwohnung an zentraler Lage»","1 Zimmer, 27 m², CHF 1120.—Römerstrasse 145, 8404 Winterthur, ZH«Preiswerte 1 Zimmerwohnung an zentraler Lage»Preiswerte 1 Zimmerwohnung an ruhiger Lage- Lift- Bad mit Badewanne- Einbauschränke im Korridor- Laminatbodenbeläge- Tiefgaragenplatz vorhanden (Fr. 125.00/Monat)Bilder sind von einer vergleichbaren Wohnung. Um einen Besichtigungstermin zu vereinbaren, kontaktieren Sie bitte den aktuellen Mieter."
"1692628376-35","https://www.immoscout24.ch/de/immobilien/mieten/ort-winterthur?pn=4","3,5 Zimmer, 88 m², CHF 2244.—","Untere Briggerstrasse 66, 8406 Winterthur, ZH","","«Modernes Leben im EG mit Gartensitzplatz»","3,5 Zimmer, 88 m², CHF 2244.—Untere Briggerstrasse 66, 8406 Winterthur, ZH«Modernes Leben im EG mit Gartensitzplatz»Neu"
"1692628376-36","https://www.immoscout24.ch/de/immobilien/mieten/ort-winterthur?pn=4","3,5 Zimmer, 80 m², CHF 1980.—","Wülflingerstrasse 25, 8400 Winterthur, ZH","","«Schöne 3.5-Zimmerwohnung mit Balkon zu vermieten»","3,5 Zimmer, 80 m², CHF 1980.—Wülflingerstrasse 25, 8400 Winterthur, ZH«Schöne 3.5-Zimmerwohnung mit Balkon zu vermieten»Wir vermieten per 01. Dezember 2023 diese grosszügige 3.5-Zimmerwohnung im 3.OG in Winterthur. Das Stadtzentrum Winterthur ist in wenigen Minuten erreichbar.Einkaufsmöglichkeiten und öffentliche Verkehrsmitel befinden sind in unmittelbarer Nähe. Der moderne Innenausbau von der 78 m2 grossen Wohnung bietet Ihnen: - Helles Wohnzimmer mit Parkett und Zugang auf den sonnigen Balkon- Zwei grosszügige Schlafzimmer- Küche mit viel Komfort wie z.B. grosser Kühlschrank, sep. Gefrierfach, Granitabdeckung etc.- Schönes saniertes Bad mit dunklen Bodenplatt"
"1692628376-37","https://www.immoscout24.ch/de/immobilien/mieten/ort-winterthur?pn=4","4,5 Zimmer, 100 m², CHF 2540.—","8405 Winterthur, ZH","","«CHARMANT, AN ZENTRALER LAGE»","4,5 Zimmer, 100 m², CHF 2540.—8405 Winterthur, ZH«CHARMANT, AN ZENTRALER LAGE»Die ganze Wohnung wurde im Juni 2023 frisch renoviert. Im Zentrum von Winterthur bieten wir Ihnen eine lichtdurchflutete und gemütliche Wohlfühloase mit Blick in die schöne Natur. Die Etagen-Wohnung verfügt über perfekt aufgeteilte Räumlichkeiten mit viel Platz. Zudem ist sie mit einem modernen Innenausbau ausgestattet. Die Wohnung bietet einen Balkon mit einer herrlichen Aussicht in die Natur. Wer das Landleben sucht, ist hier genau an der richtigen Adresse.Dieses BETTERHOMES-Angebot zeichnet sich durch folgende Vorteile aus:- renoviert (Juni Anbieter kontaktierenKontaktieren"
"1692628376-38","https://www.immoscout24.ch/de/immobilien/mieten/ort-winterthur?pn=4","2,5 Zimmer, 59 m², CHF 2520.—","Ida-Sträuli-Strasse 39, 8404 Winterthur, ZH","","«Exklusive 2.5-Zimmer-Wohnung im Herzen des Komforts in Winterthur»","2,5 Zimmer, 59 m², CHF 2520.—Ida-Sträuli-Strasse 39, 8404 Winterthur, ZH«Exklusive 2.5-Zimmer-Wohnung im Herzen des Komforts in Winterthur»Inmitten des 2019 errichteten Sue&Til-Komplexes erwartet Sie eine 2.5-Zimmer-Wohnung, die sich direkt am Eulachpark erstreckt. Diese moderne Wohnung steht ab sofort zur Verfügung oder kann nach individueller Vereinbarung bezogen werden. Die Verkehrsanbindung ist herausragend: Eine Bushaltestelle liegt vor der Haustür, während der Hegi Bahnhof lediglich eine Minute entfernt ist ideal für Pendler und Reisende. Die Wohnung beeindruckt mit einer hochmodernen Küche, ausgestattet mit Geschirrspüler, Kombi-Steamer, Induktionsherd und grossem Kühlschra"
"1692628376-39","https://www.immoscout24.ch/de/immobilien/mieten/ort-winterthur?pn=4","5,5 Zimmer, CHF 2610.—","Wurmbühlstrasse 6, 8405 Winterthur, ZH","","«Endlich gefunden -- gleich einziehen»","5,5 Zimmer, CHF 2610.—Wurmbühlstrasse 6, 8405 Winterthur, ZH«Endlich gefunden -- gleich einziehen»Es freut uns, Ihnen diese sehr schön sanierte 5.5-Zimmerwohnung anbieten zu können. Die Wohnung wurde im 2023 totalsaniert. Die Raumaufteilung ist sehr praktisch, sodass Sie diese nach Ihren Wünschen, individuell einrichten können (Siehe auch den Grundrissplan im Inserat).Im Wohnbereich sind die Böden mit Eichenparkett ausgestattet. Die Wände und Decken sind weiss gestrichen. Mit dem direkten Zugang auf Balkon, erhalten Sie eine schöne Aussicht auf die grosszügige Grünfläche. Auf diesem Balkon können Sie gemütliche und erholsame Freizeitstunden"
"1692628376-40","https://www.immoscout24.ch/de/immobilien/mieten/ort-winterthur?pn=4","4,5 Zimmer, 160 m², CHF 3200.—","Marktgasse 17, 8400 Winterthur, ZH","","«Traumhaftes Wohnen in der Winterthurer Altstadt: Exklusive 4.5-Zimmer-Dachmaisonettewohnung»","4,5 Zimmer, 160 m², CHF 3200.—Marktgasse 17, 8400 Winterthur, ZH«Traumhaftes Wohnen in der Winterthurer Altstadt: Exklusive 4.5-Zimmer-Dachmaisonettewohnung»"
"1692628376-41","https://www.immoscout24.ch/de/immobilien/mieten/ort-winterthur?pn=4","2,5 Zimmer, 88 m², CHF 1670.—","Ursulaweg 29, 8404 Winterthur, ZH","","«Grosszügige Dachwohnung mit Charme! ""Mieten ohne Kaution""»","2,5 Zimmer, 88 m², CHF 1670.—Ursulaweg 29, 8404 Winterthur, ZH«Grosszügige Dachwohnung mit Charme! ""Mieten ohne Kaution""»Schöne Dachwohnung wird frei:- Ganze Wohnung mit Parkettböden- Schöne, helle Täferdecke- Küche mit Geschirrspüler und Glaskeramikherd- Modernes Bad mit Badewanne- Estrich- Sonniger Balkon- Gute, nahe gelegene Einkaufsmöglichkeiten- Gute ÖV-Anbindungen - Nähe S-Bahn-Anschluss (Wallrüti)Die Bilder entsprechen dem Standard.Eine Besichtigung lohnt sich! Wir freuen uns auf Sie!- GlasfaseranschlussAnbieter kontaktierenKontaktieren"
"1692628376-42","https://www.immoscout24.ch/de/immobilien/mieten/ort-winterthur?pn=4","2 Zimmer, 52 m², CHF 1500.—","Rieterstrasse 5, 8406 Winterthur, ZH","","«Helle Wohnung - frisch saniert»","2 Zimmer, 52 m², CHF 1500.—Rieterstrasse 5, 8406 Winterthur, ZH«Helle Wohnung - frisch saniert»Per 01.09.2023 vermieten wir diese schön Wohnung in Winterthur-Töss.- Wohnung frisch Renoviert inkl. Badezimmer/Böden etc.-Grosse Küche mit Glaskeramik Kochfeld - Zimmer mit Laminat/Küche und Bad mit Feinsteinzeug- Einbauschrank im EingangsbereichDer Besichtigungstermin ohne Voranmeldung findet am:Freitag 25. August 2023 um 16.00 Uhr statt.Ein Anmeldeformular erhalten Sie vor Ort.Die Wohnung befindet sich im 2.OG"
"1692628376-43","https://www.immoscout24.ch/de/immobilien/mieten/ort-winterthur?pn=4","2,5 Zimmer, 65 m², CHF 1750.—","Obertor 40, 8400 Winterthur, ZH","","«2.5-Zimmer Altstadtwohnung»","2,5 Zimmer, 65 m², CHF 1750.—Obertor 40, 8400 Winterthur, ZH«2.5-Zimmer Altstadtwohnung»"
"1692628376-44","https://www.immoscout24.ch/de/immobilien/mieten/ort-winterthur?pn=4","3,5 Zimmer, 108 m², CHF 2415.—","Espenstrasse 79, 8408 Winterthur, ZH","","«modern mit Weitblick»","3,5 Zimmer, 108 m², CHF 2415.—Espenstrasse 79, 8408 Winterthur, ZH«modern mit Weitblick»Die Liegenschaft ist nur eine Gehminute vom Bahnhof Winterthur-Wülflingen (direkte Anbindung an den HB Winterthur) und vom Bus (nach Dorfkern Wülflingen und HB Winterthur) entfernt. Dank der guten Lage ist man mittels ÖV nicht nur schnell im Zentrum der Stadt, sondern auch zu Fuss rasch im Grünen, wie zum Beispiel dem Beerenberg, welcher in 10 Minuten zu Fuss erreichbar ist.Die Details zur Wohnung:- wunderschöne Terrasse mit 23m2 und zusätzlich einem Balkon mit 18m2 inkl. super Aussicht- offen gehaltene Küche mit Glaskeramik, Geschirrspüler, ho"
"1692628376-45","https://www.immoscout24.ch/de/immobilien/mieten/ort-winterthur?pn=4","2,5 Zimmer, 80 m², CHF 1760.—","Zürcherstrasse 62a, 8406 Winterthur, ZH","","«Grosszügige Wohnung in Töss»","2,5 Zimmer, 80 m², CHF 1760.—Zürcherstrasse 62a, 8406 Winterthur, ZH«Grosszügige Wohnung in Töss»Wir vermieten per 1. Oktober 2023 diese grosszügige 2.5-Zimmer-Wohnung im 2. OG.Die Wohnung verfügt über ein Bad mit Dusche und Badewanne, sowie eine eigene Waschmaschine / Wäschetrockner.Im Wohnzimmer als auch im Schlafzimmer ist Laminat verlegt. Im Bad keramische Platten. In der Wohnung hat es einen 8 m² grossen Abstellraum.Gerne können wir einen Besichtigungstermin vereinbaren."
"1692628376-46","https://www.immoscout24.ch/de/immobilien/mieten/ort-winterthur?pn=4","4 Zimmer, 75 m², CHF 1760.—","Hulfteggstrasse 18, 8400 Winterthur, ZH","","«Schöne Wohnlage im Gutschick-Quartier «Mieten ohne Kaution»»","4 Zimmer, 75 m², CHF 1760.—Hulfteggstrasse 18, 8400 Winterthur, ZH«Schöne Wohnlage im Gutschick-Quartier «Mieten ohne Kaution»»Sind Sie auf der Suche nach einem ruhigen Zuhause in Stadtnähe, dann ist dies die perfekte Wohnung für Sie.- Geschlossene Küche mit Fenster- Parkett im Wohnbereich- Schlafzimmer - Bad/WC mit keramischen Platten- Wandschrank im Korridor- Balkon - Lift- Eigener Kellerabteil- Waschmaschine und Trockenraum im Untergeschoss zur MitbenützungDiverse Einkaufmöglichkeiten befinden sich in der Nähe. Die Bushaltestelle mit Anschluss in die Stadt ist ebenfalls nur wenige Gehminuten entfernt. Kommen Sie an den fixen Besichtigungstermine vorbei und überzeugeAnbieter kontaktierenKontaktieren"
"1692628376-47","https://www.immoscout24.ch/de/immobilien/mieten/ort-winterthur?pn=4","3,5 Zimmer, 97 m², CHF 2171.—","Neustadtgasse 1a, 8400 Winterthur, ZH","","«Leben im Zentrum von Winterthur»","3,5 Zimmer, 97 m², CHF 2171.—Neustadtgasse 1a, 8400 Winterthur, ZH«Leben im Zentrum von Winterthur»Sind sie auf der Suche nach einem neuen Zuhause im Herzen von Winterthur? Dann haben wir das perfekte Objekt für Sie! Mitten in der Altstadt von Winterthur vermieten wir eine gemütliche 3.5 Zimmer-Wohnung. Die Wohnung im 3. Obergeschoss erreichen Sie mit dem Lift und via Treppe gelangen Sie in das Studio, welches im Dachgeschoss liegt. Die Wohnung bietet Ihnen folgende Highlights:praktischer Grundrissoffene Küche mit Geschirrspüler, Glaskeramikherd und hochliegendem Backofenoffener Wohn-/Essbereich eigener Waschturmzentrale LageFür einen Besich"
"1692628376-48","https://www.immoscout24.ch/de/immobilien/mieten/ort-winterthur?pn=4","4,5 Zimmer, 103 m², CHF 2470.—","Hobelwerkweg 39, 8404 Winterthur, ZH","","«Freie Wohnung im Hobelwerk»","4,5 Zimmer, 103 m², CHF 2470.—Hobelwerkweg 39, 8404 Winterthur, ZH«Freie Wohnung im Hobelwerk»Die Baugenossenschaft mehr als wohnen realisiert auf einem ehemaligen Industrie-Areal in Oberwinterthur ein neues «Leuchtturmprojekt», das Hobelwerk. Auf rund 15'0000 Quadratmetern Land entstehen 5 Häuser mit mehr als 160 Wohnungen mit ganz verschiedenen Grössen und Zuschnitt. Dazu gibt es Gewerberäume und viele gemeinschaftlich genutzte Flächen. Neue Wohn- und Arbeitsformen werden, genauso wie Mitwirkung, Gemeinschaft und Nachhaltigkeit, gefördert. Viele weitere Informationen zur Genossenschaft und zum Projekt erhalten Sie unter www.hobelwerk-"
"1692628376-49","https://www.immoscout24.ch/de/immobilien/mieten/ort-winterthur?pn=4","3 Zimmer, 60 m², CHF 1620.—","8408 Winterthur, ZH","","«MÖBLIERT, TEMPORÄR: 3 ZI-WOHNUNG IN WINTERTHUR - WÜLFLINGEN»","3 Zimmer, 60 m², CHF 1620.—8408 Winterthur, ZH«MÖBLIERT, TEMPORÄR: 3 ZI-WOHNUNG IN WINTERTHUR - WÜLFLINGEN»MIETDAUER ab 1. November 2023 bis 30. April 2024 (mind. 5 Monate) Im ruhigen 30er Quartier 3-Zimmer Wohnung, 1.OG zur Untermiete. Ab November 2023 bis Ende April 2024. Die Wohnung bietet eine Stube und Küche, zwei Zimmer und einen Balkon, 60m², im 1. Stock, 1 Balkon. Inkl. Heizung, Strom, Wasser, ... Weitere Infos, Fragen & Besichtigen: ums.ch/angebots-detail/60263/English: ums.ch/offer-detail/60263/Français: ums.ch/offre-detail/60263/"
"1692628376-50","https://www.immoscout24.ch/de/immobilien/mieten/ort-winterthur?pn=4","3,5 Zimmer, 98 m², CHF 2358.—","Schlosstalstrasse 26, 8406 Winterthur, ZH","","«Modernes Wohnen in Winterthur»","3,5 Zimmer, 98 m², CHF 2358.—Schlosstalstrasse 26, 8406 Winterthur, ZH«Modernes Wohnen in Winterthur»Die Wohnung auf einen Blick:- Grosser Wohn-/Essbereich mit offener Küche - separates Gäste-WC mit Dusche- Die ganze Wohnung ist mit Platten ausgestattet- Zwei grosszügige Balkone - Direkter Zugang zur Wohnung via Lift- Eigener Waschturm in der Wohnung- Kontrollierte WohnungslüftungIhre weiteren Vorteile:- Gute Anbindung an den öffentlichen Verkehr- Autobahnanschluss gut erreichbar- Einkaufsmöglichkeiten in nur 600m Entfernung Wichtig:- Mietzins monatlich ab 01.11.2023: Netto CHF 2'345.00, HK/BK akonto CHF 150.00, brutto CHF 2'495.00Tiefgaragenp"
"1692628376-51","https://www.immoscout24.ch/de/immobilien/mieten/ort-winterthur?pn=4","4,5 Zimmer, 89 m², CHF 2490.—","Freiestrasse 57, 8406 Winterthur, ZH","","«Top moderne und gehobene Wohnung»","4,5 Zimmer, 89 m², CHF 2490.—Freiestrasse 57, 8406 Winterthur, ZH«Top moderne und gehobene Wohnung»Wir vermieten per 1. Oktober 2023 oder nach Vereinbarung eine moderne 4.5-Zimmerwohnung im 2. OG mit grossem Home-Office Raum im Dachgeschoss (kann auch als zusätzliche Wohnfläche oder Spielfläche genutzt werden). Die Wohnung besticht mit einem durchdachten Raum- sowie Materialisierungskonzept und verfügt über einen top Ausbaustandard. Die Highlights kurz zusammengefasst:- Heller Plattenbelag im Wohn-/Küchenbereich und Schlafzimmer- Stillvolle weisse Küche mit Granit-Abstellfläche, Glaskeramikherd, Backofen und Steamer und Kühlschrank mit Gefri"
"1692628376-52","https://www.immoscout24.ch/de/immobilien/mieten/ort-winterthur?pn=4","4,5 Zimmer, 112 m², CHF 3970.—","Ernst-Jung-Gasse 18, 8400 Winterthur, ZH","","«ERSTBEZUG - Exklusive zentralgelegene 4.5-Zi. Eigentumswohnung»","4,5 Zimmer, 112 m², CHF 3970.—Ernst-Jung-Gasse 18, 8400 Winterthur, ZH«ERSTBEZUG - Exklusive zentralgelegene 4.5-Zi. Eigentumswohnung»"
"1692628376-53","https://www.immoscout24.ch/de/immobilien/mieten/ort-winterthur?pn=4","2 Zimmer, 48 m², CHF 1560.—","Römerstrasse 145, 8404 Winterthur, ZH","","«2 Zimmerwohnung mit Balkon an zentraler Lage»","2 Zimmer, 48 m², CHF 1560.—Römerstrasse 145, 8404 Winterthur, ZH«2 Zimmerwohnung mit Balkon an zentraler Lage»2 Zimmerwohnung an zentraler Lage mit Lift- Grosse Küche mit Zugang zum Balkon- Neue Laminatbodenbeläge- Einbauschränke im Korridor mit viel Stauraum- Tiefgaragenplatz vorhanden (Fr. 125.00/Monat)- Mietbeginn per sofort oder nach VereinbarungDie Bilder sind aus einer vergleichbaren WohnungFür eine unverbindliche Besichtigung können Sie uns gerne kontaktieren."
"1692628380-54","https://www.immoscout24.ch/de/immobilien/mieten/ort-winterthur?pn=3","5,5 Zimmer, 170 m², CHF 3900.—","Euelstrasse  56, 8408 Winterthur, ZH","","«Die kanns: Sie begeistern!»","5,5 Zimmer, 170 m², CHF 3900.—Euelstrasse  56, 8408 Winterthur, ZH«Die kanns: Sie begeistern!»"
"1692628380-55","https://www.immoscout24.ch/de/immobilien/mieten/ort-winterthur?pn=3","4,5 Zimmer, 110 m², CHF 2340.—","Hegistr. 39b, 8404 Winterthur, ZH","","«Topmoderne Wohnung an bester Lage «Mieten ohne Kaution»»","4,5 Zimmer, 110 m², CHF 2340.—Hegistr. 39b, 8404 Winterthur, ZH«Topmoderne Wohnung an bester Lage «Mieten ohne Kaution»»Suchen Sie eine moderne Wohnung, welche für viel Wohnkomfort sorgt und sich in einer kinderfreundlichen Umgebung befindet. Dann ist diese genau das Richtige für Sie:- Helle Wohnung mit grosszügigem Grundriss- Ganze Wohnung Parkett- Moderne Küche mit Glaskeramik, Geschirrspüler und Backofen- Bad/WC mit Doppellavabo und Fenstern für viel Tageslicht- Sep. Dusche/WC- Eigene Waschmaschine mit Tumbler- Wandschrank mit Garderobe im Eingangsbereich- Grosszügiger Balkon- Einstellplätze à CHF 140.00 vorhandenDie Wohnung befindet sich in unmittelbarer NähAnbieter kontaktierenKontaktieren"
"1692628380-56","https://www.immoscout24.ch/de/immobilien/mieten/ort-winterthur?pn=3","2,5 Zimmer, 57 m², CHF 1634.—","Kirchackerstrasse 36, 8405 Winterthur, ZH","","«Traumwohnung sucht Mieter!»","2,5 Zimmer, 57 m², CHF 1634.—Kirchackerstrasse 36, 8405 Winterthur, ZH«Traumwohnung sucht Mieter!»Die moderne 2.5-Zimmer-Wohnung befindet sich in Winterthur-Seen. Die ruhige Lage lädt dazu ein, die Sonne auf einer der Loggia zu geniessen. Dennoch ist es kein Problem, innert Kürze ins Zentrum von Winterthur zu gelangen. Zudem bietet Ihnen die Wohnung:Küche mit viel Stauraum, Geschirrspüler, Kühlschrank sowie Gefrierschrank und einem hochliegenden BackofenLichtdurchflutetes WohnzimmerBadezimmer mit Badewanne und eigenem WaschturmLoggiaEigenes KellerabteilLift vorhandenVelokeller zur MitbenutzungEinstellplatz in der Tiefgarage für CHF 135.00 /"
"1692628380-57","https://www.immoscout24.ch/de/immobilien/mieten/ort-winterthur?pn=3","2,5 Zimmer, 65 m², CHF 1930.—","Wässerwiesenstrasse 22, 8408 Winterthur, ZH","","«2.5-Zimmer-Wohnung im Gartenhof Quartier»","2,5 Zimmer, 65 m², CHF 1930.—Wässerwiesenstrasse 22, 8408 Winterthur, ZH«2.5-Zimmer-Wohnung im Gartenhof Quartier»Diese 2.5-Zimmerwohnung im 3.Stock befindet sich in der Siedlung Gartenhof in Winterthur und bietet folgende Annehmlichkeiten. - Moderne Küche mit Glaskeramik und Geschirrspüler- Eigener Waschturm- Eine Nasszelle- Balkon- Feinsteinzeugplatten in den Nasszellen und in der Küche- Matt versiegelten Eichenparkett in Wohn-, Schlafzimmer und Korridor- Kellerabteil- Einstellplatz kann für CHF 140.- / 190.- dazugemietet werden Bitte nehmen Sie zur Kenntnis, dass es sich um Musterfotos handelt. Die Überbauung Gartenhof bietet idealen Lebensraum für alleAnbieter kontaktierenKontaktieren"
"1692628380-58","https://www.immoscout24.ch/de/immobilien/mieten/ort-winterthur?pn=3","4,5 Zimmer, 179 m², CHF 3220.—","Rychenbergstr. 61, 8400 Winterthur, ZH","","«Wohnen mit dem gewissen Etwas und grossem Atelier»","4,5 Zimmer, 179 m², CHF 3220.—Rychenbergstr. 61, 8400 Winterthur, ZH«Wohnen mit dem gewissen Etwas und grossem Atelier»Günstige Verkehrslage, grosses Atelier mit separatem Eingang, moderne Ausstattung, viel Licht und Luft: Diese Vorzüge machen diese Wohnung zu einem besonders begehrten Ort um Wohnen und Arbeiten zu kombinieren.Für Ihre Wohnqualität:-Parkettböden in Wohn- und Schlafzimmern-Offene Küche-Grosses Atelier 55 m2-Nasszellen mit Bad/WC sowie mit Dusche/WC-Waschmaschine und Tumbler in der Wohnung-Einbauschränke im Korridor-Beheizte Loggia-Kontrollierte Wohnungslüftung und Bodenheizung-Eigenes Kellerabteil für zusätzlichen StauraumZusätzlich auf Wunsch:"
"1692628380-59","https://www.immoscout24.ch/de/immobilien/mieten/ort-winterthur?pn=3","3 Zimmer, 73 m², CHF 1843.—","Sonnenblickstrasse 25, 8404 Winterthur, ZH","","«Ruhig gelegen und Nähe ÖV»","3 Zimmer, 73 m², CHF 1843.—Sonnenblickstrasse 25, 8404 Winterthur, ZH«Ruhig gelegen und Nähe ÖV»Per 1. September vermieten wir eine 3-Zimmerwohnung im 1.OG an der Sonnenblickstrasse 25 in 8404 Winterthur. Die Liegenschaft wurde 2016 komplett saniert und überzeugt heute mit einem modernen und komfortablen Ausbaustandard. Nachfolgend sind einige Highlights aufgeführt:Ganze Wohnung mit ParkettModerne und komfortable Küche mit Glaskeramikkochfeld, Backofen, Geschirrspüler und Kühlschrank mit sep. TiefkühlerVergrösserter Balkonanbau mit verstellbaren Schiebeläden, der perfekte Ort im Sommer (10 m2)Badezimmer mit Duschwanne/Glastrennwand und FeAnbieter kontaktierenKontaktieren"
"1692628380-60","https://www.immoscout24.ch/de/immobilien/mieten/ort-winterthur?pn=3","3,5 Zimmer, 85 m², CHF 2250.—","Sulzer-Allee 75, 8404 Winterthur, ZH","","«Höchstmass an Wohngenuss»","3,5 Zimmer, 85 m², CHF 2250.—Sulzer-Allee 75, 8404 Winterthur, ZH«Höchstmass an Wohngenuss»Willkommen bei sue&tilTauchen Sie ein, denn hier erwartet Sie eine spritzige, inspirierende und innovative Wohnoase, welche auch Ihr Herz höher schlagen lässt!Wir sind die neue Siedlung im modernen Winterthurer Quartier Neuhegi mit Parks und allem, was es für ein aktives Leben braucht. sue&til legt grossen Wert darauf, Ihnen zahlreiche Highlights und Annehmlichkeiten zu bieten. Sie können sicher sein, dass sue&til Ihnen nicht nur alle Ihre Wünsche an Ihr neues Zuhause erfüllt, sondern viel mehr bietet.Für Ihren Wohnkomfort verfügt die Wohnung üAnbieter kontaktierenKontaktieren"
"1692628380-61","https://www.immoscout24.ch/de/immobilien/mieten/ort-winterthur?pn=3","5,5 Zimmer, 153 m², CHF 3059.—","Gernstrasse 32, 8409 Winterthur, ZH","","«wohnen mit Charme in Riegelbau»","5,5 Zimmer, 153 m², CHF 3059.—Gernstrasse 32, 8409 Winterthur, ZH«wohnen mit Charme in Riegelbau»Ab dem 1. Dezember 2023 vermieten wir diese tolle 5.5-Zimmerwohnung im 1. OG mit ca. 153m2 Wohnfläche.Folgendes erwartet Sie:-Grosser Wohn-/Essbereich mit offener Küche-Küche mit Granitabdeckung, Glaskeramikherd, Geschirrspüler und Steamer-Eingangsbereich, Wohn-/Essbereich/Küche und Nasszellen mit Plattenböden-4 Schlafzimmer mit Parkettboden -Cheminée-Grosses Badezimmer mit Badewanne, Dusche und Doppelwaschtisch-Separates WC mit Dusche-Balkon-Eigenes Kellerabteil-Lift-Waschküche zur Mitbenützung (WM/TB)* Bemerkung zum Grundrissplan:Keine Gewähr"
"1692628380-62","https://www.immoscout24.ch/de/immobilien/mieten/ort-winterthur?pn=3","2 Zimmer, 60 m², CHF 1660.—","Sonnenblickstrasse 12, 8404 Winterthur, ZH","","«Ruhig gelegen und Nähe ÖV. Top Besonnung!»","2 Zimmer, 60 m², CHF 1660.—Sonnenblickstrasse 12, 8404 Winterthur, ZH«Ruhig gelegen und Nähe ÖV. Top Besonnung!»Per 1. November 2023 vermieten wir eine 2.0-Zimmerwohnung im 1.OG an der Sonnenblickstrasse 12, 8404 Winterthur.Die Liegenschaft wurde 2016 komplett saniert und überzeugt heute mit einem modernen und komfortablen Ausbaustandard. Nachfolgend sind einige Highlights der gemütlichen 2.0-Zimmerwohnung aufgeführt:Ganze Wohnung mit EichenparkettModerne und komfortable Küche mit Glaskeramikkochfeld, Backofen, Geschirrspüler und Kühlschrank mit sep. TiefkühlerVergrösserter Balkonanbau mit verstellbaren Schiebeläden, der perfekte Ort im Sommer (10 m2)KomAnbieter kontaktierenKontaktieren"
"1692628380-63","https://www.immoscout24.ch/de/immobilien/mieten/ort-winterthur?pn=3","2 Zimmer, 50 m², CHF 1485.—","Tösstalstr. 218, 8405 Winterthur, ZH","","«Der Hit! Geräumige 2-Zi. Wohnung zu vermieten!»","2 Zimmer, 50 m², CHF 1485.—Tösstalstr. 218, 8405 Winterthur, ZH«Der Hit! Geräumige 2-Zi. Wohnung zu vermieten!»Der Hit! Geräumige 2-Zi. Wohnung zu vermieten!-geräumige Wohnung-schöner Laminat-und Parkettboden-moderne Küche und Bad-gute Nachbarschaft!-Super Einkaufsmöglichkeiten in unmittelbarer Nähe!-Bus Nr. 2 vor dem Haus!-Es kommt noch eine monatliche Akontozahlung von CHF 150.- für Heiz-/Nebenkosten dazu.Eine Garage kann dazu gemietet werden!Zögern Sie nicht und rufen Sie uns unverbindlich an!Anbieter kontaktierenKontaktieren"
"1692628380-64","https://www.immoscout24.ch/de/immobilien/mieten/ort-winterthur?pn=3","4,5 Zimmer, 107 m², CHF 2928.—","Hirschweg 33, 8405 Winterthur, ZH","","«MODERNE Wohnung in Winterthur!»","4,5 Zimmer, 107 m², CHF 2928.—Hirschweg 33, 8405 Winterthur, ZH«MODERNE Wohnung in Winterthur!»Diese schöne 4.5-Zimmer-Wohnung befindet sich in Winterthur im Stadtkreis Seen. Diverse Einkaufsmöglichkeiten, Restaurants und Schulen befindet sich in unmittelbarer Nähe. Das Einkaufszentrum Shopping Seen ist in 4 Fahrminuten oder 12 Minuten zu Fuss erreichbar. Der Autobahnzubringer ist nur in zwei Fahrminute entfernt. Bei den publizierten Bildern handelt es sich um typenähnliche / typengleiche Wohnungen. Abweichungen zum effektiven Angebot sind deshalb möglich.Highlights:moderne Küche mit hochwertigen Geräten lichtdurchfluteter Wohn-/EssbereiNeu"
"1692628380-65","https://www.immoscout24.ch/de/immobilien/mieten/ort-winterthur?pn=3","3 Zimmer, CHF 1650.—","Rosentalstrasse 58, 8400 Winterthur, ZH","","«Den Sommer auf dem Balkon geniessen ...»","3 Zimmer, CHF 1650.—Rosentalstrasse 58, 8400 Winterthur, ZH«Den Sommer auf dem Balkon geniessen ...»"
"1692628380-66","https://www.immoscout24.ch/de/immobilien/mieten/ort-winterthur?pn=3","3 Zimmer, 77 m², CHF 1927.—","Hammerweg 1, 8404 Winterthur, ZH","","«Ruhige Wohnlage und doch sehr zentral»","3 Zimmer, 77 m², CHF 1927.—Hammerweg 1, 8404 Winterthur, ZH«Ruhige Wohnlage und doch sehr zentral»Die Wohnung befindet sich in einem gepflegten Mehrfamilienhaus. Sie ist ideal für Einzelpersonen oder ein Paar, die eine optimale Anbindung an den öffentlichen Verkehr zu schätzen wissen. Die S-Bahn ist in 15 Gehminuten erreichbar, der Bus in 5 Gehminuten. In unmittelbarer Nähe befinden sich Einkaufsmöglichkeiten. Für Ihre Wohnqualität: - Parkett in Wohn-/Schlafzimmer - Küche mit Glaskeramikherd und praktischen Einbauschränken - Badezimmer/WC - Einbauschrank in Korridor - Sonniger Balkon - Kellerabteil für zusätzlichen StauraumZusätzlich auf Wu"
"1692628380-67","https://www.immoscout24.ch/de/immobilien/mieten/ort-winterthur?pn=3","3,5 Zimmer, 171 m², CHF 3950.—","Ernst-Jung-Gasse 16B, 8400 Winterthur, ZH","","«Erstbezug in 3.5 Zimmer-Maisonette-Wohnung in Winterthur»","3,5 Zimmer, 171 m², CHF 3950.—Ernst-Jung-Gasse 16B, 8400 Winterthur, ZH«Erstbezug in 3.5 Zimmer-Maisonette-Wohnung in Winterthur»Wir bieten per Juni 2023 dieses aussergewöhnliche Duplex-Apartment an, welches sowohl als reines Büro/Atelier wie auch als reiner Wohnraum genutzt werden kann. Es befindet sich in der neuen Lokstadt Überbauung und ist sehr zentral gelegen. Die Siedlung bietet viele Opportunitäten und befindet sich wenige Gehminuten vom Bahnhof Winterthur entfernt. In der unteren Etage findet man eine offene und moderne Küche mit höchstem Ausbaustandard sowie eine grosszügige Wohnfläche mit einem separaten Nassraum. Über die Wendeltreppe wird man in den oberen B"
"1692628380-68","https://www.immoscout24.ch/de/immobilien/mieten/ort-winterthur?pn=3","3,5 Zimmer, 86 m², CHF 1970.—","Hobelwerkweg 39a, 8404 Winterthur, ZH","","«Freie Wohnung im Hobelwerk»","3,5 Zimmer, 86 m², CHF 1970.—Hobelwerkweg 39a, 8404 Winterthur, ZH«Freie Wohnung im Hobelwerk»Die Baugenossenschaft mehr als wohnen realisiert auf einem ehemaligen Industrie-Areal in Oberwinterthur ein neues «Leuchtturmprojekt», das Hobelwerk. Auf rund 15'0000 Quadratmetern Land entstehen 5 Häuser mit mehr als 160 Wohnungen mit ganz verschiedenen Grössen und Zuschnitt. Dazu gibt es Gewerberäume und viele gemeinschaftlich genutzte Flächen. Neue Wohn- und Arbeitsformen werden, genauso wie Mitwirkung, Gemeinschaft und Nachhaltigkeit, gefördert. Viele weitere Informationen zur Genossenschaft und zum Projekt erhalten Sie unter www.hobelwerk-"
"1692628380-69","https://www.immoscout24.ch/de/immobilien/mieten/ort-winterthur?pn=3","3,5 Zimmer, 71 m², CHF 1630.—","Hobelwerkweg 39a, 8404 Winterthur, ZH","","«Freie Wohnung im Hobelwerk»","3,5 Zimmer, 71 m², CHF 1630.—Hobelwerkweg 39a, 8404 Winterthur, ZH«Freie Wohnung im Hobelwerk»Die Baugenossenschaft mehr als wohnen realisiert auf einem ehemaligen Industrie-Areal in Oberwinterthur ein neues «Leuchtturmprojekt», das Hobelwerk. Auf rund 15'0000 Quadratmetern Land entstehen 5 Häuser mit mehr als 160 Wohnungen mit ganz verschiedenen Grössen und Zuschnitt. Dazu gibt es Gewerberäume und viele gemeinschaftlich genutzte Flächen. Neue Wohn- und Arbeitsformen werden, genauso wie Mitwirkung, Gemeinschaft und Nachhaltigkeit, gefördert. Viele weitere Informationen zur Genossenschaft und zum Projekt erhalten Sie unter www.hobelwerk-"
"1692628380-70","https://www.immoscout24.ch/de/immobilien/mieten/ort-winterthur?pn=3","3,5 Zimmer, 81 m², CHF 1990.—","Hegistr. 41f, 8404 Winterthur, ZH","","«Ihre neue, moderne Wohnung *Mieten ohne Kaution*»","3,5 Zimmer, 81 m², CHF 1990.—Hegistr. 41f, 8404 Winterthur, ZH«Ihre neue, moderne Wohnung *Mieten ohne Kaution*»- helle Wohnung- ganze Wohnung Parkett- offene, moderne Küche mit Glaskeramik und Geschirrspüler- schönes Badezimmer mit Lavabo und Badewanne- sep. Gäste-WC- eigene Waschmaschine mit Tumbler- Balkon- Bahnhof Oberwinterthur in unmittelbarer Nähe- Einstellplätze für CHF 140.00/160.00 monatlich vorhandenWeitere Informationen auf www.talwiesen.chIAnbieter kontaktierenKontaktieren"
"1692628380-71","https://www.immoscout24.ch/de/immobilien/mieten/ort-winterthur?pn=3","2,5 Zimmer, 58 m², CHF 1650.—","Schlosstalstrasse 48, 8406 Winterthur, ZH","","«Gute Qualität und Lage zum fairen Mietzins»","2,5 Zimmer, 58 m², CHF 1650.—Schlosstalstrasse 48, 8406 Winterthur, ZH«Gute Qualität und Lage zum fairen Mietzins»Die Besichtigungen findet wie folgt ohne Voranmeldung statt:- Mittwoch, 23. August 2023, 18.00 - 19.00 Uhr Klingeln Sie bei dem aktuellen Mieter ""Reifler"".Ihre Fragen werden gerne vor Ort beantwortet.Per 1. Dezember 2023 vermieten wir diese 2.5 Zimmer-Wohnung in einer gepflegten Liegenschaft in Winterthur.Das Mehrfamilienhaus gewinnt einen rundum neuen Auftritt durch hochwertige Materialien. Dennoch bleibt der Charme des Hauses behalten, was die Liegenschaften besonders und einzigartig macht.Die sanierten Liegenschaften Schlosstalstrasse 46/48"
"1692628380-72","https://www.immoscout24.ch/de/immobilien/mieten/ort-winterthur?pn=3","1 Zimmer, CHF 1500.—","Sankt Gallerstrasse 170, 8404 Winterthur, ZH","","«Wohnung in Winterthur»","1 Zimmer, CHF 1500.—Sankt Gallerstrasse 170, 8404 Winterthur, ZH«Wohnung in Winterthur»1 Zimmer Wohnung in Winterthur."
"1692628380-73","https://www.immoscout24.ch/de/immobilien/mieten/ort-winterthur?pn=3","1,5 Zimmer, 36 m², CHF 2100.—","Zürcherstrasse 143, 8406 Winterthur, ZH","","«BUSINESS APARTMENT - FULLY FURNISHED»","1,5 Zimmer, 36 m², CHF 2100.—Zürcherstrasse 143, 8406 Winterthur, ZH«BUSINESS APARTMENT - FULLY FURNISHED»An zentraler Lage in Winterthur vermieten wir eine hochwertig möblierte 1.5-Zimmer-Wohnung. Die Wohnung ist einem modern saniertem und grosszügigen Mehrfamilienhaus in Winterthur. Grosszügige Fenster garantieren einen lichtdurchfluteten Raum mit angenehmer Wohnatmosphäre. Die Wohnung verfügt zudem über eine Loggia, grosse Dusche mit Glastrennwand, moderne Küche und einem praktischen Grundriss.Die Bushaltestelle befindet sich nur wenige Meter entfernt und bringt Sie bequem zum Hauptbahnhof Winterthur. In der nahen Umgebung befinden sich zahlreic"
"1692628380-74","https://www.immoscout24.ch/de/immobilien/mieten/ort-winterthur?pn=3","6,5 Zimmer, 143 m², CHF 3500.—","Hirschweg 9, 8405 Winterthur, ZH","","«Familiäres wohlfühlen an zentraler und ruhiger Lage»","6,5 Zimmer, 143 m², CHF 3500.—Hirschweg 9, 8405 Winterthur, ZH«Familiäres wohlfühlen an zentraler und ruhiger Lage»Dieses wunderschöne Doppeleinfamilienhaus liegt an einer privaten Strasse unweit vom Bahnhof Seen. Das Erdgeschoss verfügt über ein grosszügiges Wohnzimmer mit Cheminée und genug Platz für einen ordentlichen Esstisch, auf dem eine grosse Familie sich aus der teilweise erneuerten Küche verwöhnen lassen kann.Zudem hat es im Erdgeschoss auch ein weiteres Zimmer, welches entweder als Alterszimmer für ältere Generationen oder super als Büro eignet sowie ein Gäste-WC.Im Obergeschoss verfügt das Haus über vier weitere Schlafzimmer und ein Badezimmer."
"1692628380-75","https://www.immoscout24.ch/de/immobilien/mieten/ort-winterthur?pn=3","2 Zimmer, 56 m², CHF 1468.—","Rychenbergstrasse 16, 8400 Winterthur, ZH","","«zentral mit Weitblick»","2 Zimmer, 56 m², CHF 1468.—Rychenbergstrasse 16, 8400 Winterthur, ZH«zentral mit Weitblick»Die Liegenschaft befindet sich mitten in Winterthur. In wenigen Gehminuten erreichen Sie die Bushaltestelle Bachtelstrasse. Das Kantonsspital, die Altstadt und der Hauptbahnhof befinden sich ganz in der Nähe und sind zu Fuss oder mit dem Bus innert Kürze zu erreichen.Die Details zur Wohnung:- Küche mit Geschirrspüler, Glaskeramikherd, grossem Kühlschrank, Backofen- Badezimmer mit Badewanne und Fenster- grosses Wohnzimmer mit Parkett und angrenzendem Balkon mit Weitblick- gut geschnittenes Schlafzimmer mit Laminat- Korridor mit Laminat und Einba"
"1692628380-76","https://www.immoscout24.ch/de/immobilien/mieten/ort-winterthur?pn=3","5 Zimmer, 115 m², CHF 2770.—","Wingertlistrasse 18, 8405 Winterthur, ZH","","«Modern sanierte Wohnung»","5 Zimmer, 115 m², CHF 2770.—Wingertlistrasse 18, 8405 Winterthur, ZH«Modern sanierte Wohnung»Per 1. September 2023 oder nach Vereinbarung vermieten wir eine top modern sanierte 5-Zimmerwohnung in einem familiären Quartier.Es erwartet Sie folgende Ausstattung:Die helle, grosszügige Einbauküche mit grosser Granitarbeitsfläche, wurde mit modernen Küchengeräten wie Induktionsherd und bequem hochliegendem Backofen ausgestattet, mit welchen sich so manche Gaumenfreuden zaubern lassen. Ein Geschirrspüler sowie ein Kühlschrank mit grossem Tiefkühlschrank gehören ebenfalls dazu.Die Wohn- und Schlafbereiche sind mit heimeligem Parkettboden ausge"
"1692628380-77","https://www.immoscout24.ch/de/immobilien/mieten/ort-winterthur?pn=3","2,5 Zimmer, 60 m², CHF 2870.—","Ernst-Jung-Gasse 18, 8400 Winterthur, ZH","","«Erstvermietung - Möbliertes Schmuckstück im Tender für befristete Zeit»","2,5 Zimmer, 60 m², CHF 2870.—Ernst-Jung-Gasse 18, 8400 Winterthur, ZH«Erstvermietung - Möbliertes Schmuckstück im Tender für befristete Zeit»Wir vermieten per sofort oder nach Vereinbarung diese möblierte Wohnung im neu gebauten Tender mit modernstem Ausbaustandard. Der Mietvertrag wird befristet abgeschlossen.Das Mietobjekt befindet sich in der neuen Lockstadt-Überbauung. Direkt vor der Haustür hat es eine Bushaltestelle. Der Bahnhof Winterthur und die Altstadt befinden sich in kurzer Gehdistanz.Das komplett ausgestattete, möblierte Mietobjekt verfügt über:- moderne Küche mit Geschirrspüler, Kombi-Steamer, Induktionsherd mit integrierter Abluft, grosser Kühlschrank- grosses Bad mit"
"1692628384-78","https://www.immoscout24.ch/de/immobilien/mieten/ort-winterthur?pn=2","2,5 Zimmer, 46 m², CHF 1471.—","Walkestrasse 28, 8400 Winterthur, ZH","","«Stadtnahes Wohnen»","2,5 Zimmer, 46 m², CHF 1471.—Walkestrasse 28, 8400 Winterthur, ZH«Stadtnahes Wohnen»Die LageIhr neues Zuhause liegt im Veltheim-Quartier in der neuen Überbauung Zur Weinlese. Hier treffen Sie auf Grossstadt-Flair, welches sich mit dörflicher Gelassenheit vereint hat. Sie profitieren von einer herausragenden Infrastruktur mit einem breiten Angebot und müssen dennoch nicht auf Ruhe und Rückzugsmöglichkeiten verzichten.Winterthur bietet vielfältige Einkaufsmöglichkeiten, Cafés und Restaurants sowie ein breites Sport- und Kulturangebot. Die hübsche Altstadt ist in wenigen Minuten erreichbar und überzeugt mit einer ausgedehnten FusAnbieter kontaktierenKontaktieren"
"1692628384-79","https://www.immoscout24.ch/de/immobilien/mieten/ort-winterthur?pn=2","3 Zimmer, 54 m², CHF 1687.—","Konradstr. 3, 8400 Winterthur, ZH","","«Wohnen direkt neben der Altstadt!""Mieten ohne Kaution""»","3 Zimmer, 54 m², CHF 1687.—Konradstr. 3, 8400 Winterthur, ZH«Wohnen direkt neben der Altstadt!""Mieten ohne Kaution""»Zentral gelegen Altbauwohnung zu vermieten. Geniessen Sie folgende Vorzüge;- Parkett in allen Zimmern- Schöner Innenausbau mit Erker- Weisse Holztäferwände im Wohnzimmer- Grosse Küche mit Geschirrspüler- Bad mit Fenster- Praktische Wandschränke- Grosse Gemeinschaftsterrasse zur Mitbenützung- Nähe Hauptbahnhof und öffentlichen Verkehrsmittel- Ideale Einkaufsmöglichkeiten- Altstadt in 2 Min. zu Fuss erreichbar(Die Fotos entsprechen dem Standard)Anbieter kontaktierenKontaktieren"
"1692628384-80","https://www.immoscout24.ch/de/immobilien/mieten/ort-winterthur?pn=2","4,5 Zimmer, 115 m², CHF 2634.—","Wydenstrasse 57, 8408 Winterthur, ZH","","«Wohnerlebnis im Grünen, gut vernetzt»","4,5 Zimmer, 115 m², CHF 2634.—Wydenstrasse 57, 8408 Winterthur, ZH«Wohnerlebnis im Grünen, gut vernetzt»Per 1. November 2023 vermieten wir diese grosszügig geschnittene 4.5-Zimmerwohnung mit Parkett auf der ganzen Fläche.Die Wohnung ist mit den ÖV gut erschlossen. In wenigen Gehminuten erreichen Sie den Bahnhof Wülflingen.Zusätzlich bietet die Wohnung weiteren Komfort:- weisse, offene Küche mit Granitabdeckung Cabernet Brown, weissem Plattenschild- Glaskeramikkochfeld- Geschirrspüler- grosser Kühlschrank mit separatem Tiefkühler- Bad/WC- Waschmaschine und Tumbler- 2 Balkone- Kellerabteil mit Licht und StromanschlussDer Trockenraum mit Raumluftent"
"1692628384-81","https://www.immoscout24.ch/de/immobilien/mieten/ort-winterthur?pn=2","5,5 Zimmer, 124 m², CHF 2560.—","Hegistr. 39f, 8404 Winterthur, ZH","","«Moderne, helle Wohnung an zentraler Lage ! * Mieten ohne Kaution*»","5,5 Zimmer, 124 m², CHF 2560.—Hegistr. 39f, 8404 Winterthur, ZH«Moderne, helle Wohnung an zentraler Lage ! * Mieten ohne Kaution*»- Neue, helle Wohnung- Ganze Wohnung Parkett- Moderne Küche mit Glaskeramik und Geschirrspüler- grosszügiges Bad/WC mit Wanne, Doppellavabo und Fenster- sep. Dusche/WC- eigene Waschmaschine mit Tumbler- grosserr Balkon- Kellerabteil- Bahnhof Oberwinterthur in unmittelbarer Nähe- Einstellplätz für CHF 140.00 vorhandenWeitere Informationen auf www.talwiesen.chAnbieter kontaktierenKontaktieren"
"1692628384-82","https://www.immoscout24.ch/de/immobilien/mieten/ort-winterthur?pn=2","4,5 Zimmer, 87 m², CHF 2250.—","Schützenstr. 39, 8400 Winterthur, ZH","","«Wohnen an guter Verkehrslage mit Sich ins Grüne?»","4,5 Zimmer, 87 m², CHF 2250.—Schützenstr. 39, 8400 Winterthur, ZH«Wohnen an guter Verkehrslage mit Sich ins Grüne?»Geniessen Sie Wohnqualität und urbanen Lifestyle nähe Stadtzentrum und Hauptbahnhof. An der Schützenstrasse 39 vermieten wir diese, im Jahr 2016, totalsanierte 4.5-Zimmerwohnung. Die Wohnung zeichnet sich durch einen hohen Ausbaustandard und der top Lage in grüner Umgebung aus.Der fliessende Wohnraum mit Essbereich und offener Küche bietet hohe Lebensqualität. Parkettböden in Eichenholz verleihen den Schlafzimmern und dem Wohnbereich einen eleganten Charakter. Die repräsentative Küche mit schönem Plattenboden verfügen über energieeffiziente, beAnbieter kontaktierenKontaktieren"
"1692628384-83","https://www.immoscout24.ch/de/immobilien/mieten/ort-winterthur?pn=2","2,5 Zimmer, 87 m², CHF 1658.—","Ursulaweg 27, 8404 Winterthur, ZH","","«Dachwohnung am Ursulaweg wird frei!»","2,5 Zimmer, 87 m², CHF 1658.—Ursulaweg 27, 8404 Winterthur, ZH«Dachwohnung am Ursulaweg wird frei!»Gemütliche 2.5 Zimmer- Dachwohnung am Ursulaweg wird frei- Ganze Wohnung Parkett- Küche mit Geschirrspüler, Backofen und Glaskeramikherd- Bad/WC mit Badewanne- Sonniger Balkon- Estrich- kein Lift- Ruhige und doch zentrale Wohnlage- Nahe gelegene Einkaufsmöglichkeiten - Nähe Bahnhof ""Wallrüti""Die Fotos zeigen den Standard.Anbieter kontaktierenKontaktieren"
"1692628384-84","https://www.immoscout24.ch/de/immobilien/mieten/ort-winterthur?pn=2","4,5 Zimmer, 106 m², CHF 2290.—","Landvogt-Waser-Strasse 69, 8405 Winterthur, ZH","","«Charmante und grosszügige Wohnung in Winterthur Seen»","4,5 Zimmer, 106 m², CHF 2290.—Landvogt-Waser-Strasse 69, 8405 Winterthur, ZH«Charmante und grosszügige Wohnung in Winterthur Seen»In einem ruhigen Wohnquartier vermieten wir per sofort oder nach Vereinbarung eine 4.5-Zimmerwohnung, im 4. Obergeschoss (Attika)- Geräumiges Entrée mit Wandschrank- Grosszügige Küche mit Plattenboden, Geschirrspüler, Glaskeramikherd, Backofen, Dunstabzug und Kühlschrank mit separatem Tiefkühler- Helles Badezimmer mit Badewanne und Fenster- Separates Gäste-WC- Alle Zimmer sind mit Parkett ausgestattet- Kellerraum vorhanden- Bahnhof Seen in Gehdistanz Ein Einstellplatz kann für CHF 125.00/mtl. dazu gemietet werden. Bei diesem Gebäude handelt es"
"1692628384-85","https://www.immoscout24.ch/de/immobilien/mieten/ort-winterthur?pn=2","4 Zimmer, 63 m², CHF 700.—","Zypressenstrasse 24, 8408 Winterthur, ZH","","«Befristete Wohnung bis 30. Juni 2025 zu vermieten»","4 Zimmer, 63 m², CHF 700.—Zypressenstrasse 24, 8408 Winterthur, ZH«Befristete Wohnung bis 30. Juni 2025 zu vermieten»Ab 1. Oktober 2023 vermieten wir an ruhiger und grüner Lage eine 4-Zimmer-Wohnung mit 63 m2.Übersicht Wohnung:Küche mit rotem Klinkerboden und Zugang zum Balkonrenoviertes Badezimmer mit hellen BelägenWandschrank für zusätzlichen Stauraum im EingangsbereichWaschküche im UG zur Mitbenützungdie Liegenschaft verfügt über keine Zentralheizungbefristet bis 30. Juni 2025 Bei den Fotos handelt es sich um Musteraufnahmen von gleichwertigen Wohnungen mit demselben Grundriss. Besichtigungstermin:Überzeugen Sie sich am besten gleich vor Ort von dieser WohAnbieter kontaktierenKontaktieren"
"1692628384-86","https://www.immoscout24.ch/de/immobilien/mieten/ort-winterthur?pn=2","1 Zimmer, 27 m², CHF 1190.—","Römerstrasse 73, 8404 Winterthur, ZH","","«Ihre renovierte Singlewohnung!»","1 Zimmer, 27 m², CHF 1190.—Römerstrasse 73, 8404 Winterthur, ZH«Ihre renovierte Singlewohnung!»An gepflegter Liegenschaft vermieten wir eine totalrenovierte 1 ZWG, die Ihnen bestimmt zusagen wird. Sie bietet: *Äusserst helle Wohnung*Pflegeleichte Bodenbläge*Moderne neue Einbauküche*Schönes renoviertes Duschzimmer*Gemütlicher Balkon*Praktischer Einbauschrank*Eigenes Kellerabteil*Waschküche zur Mitbenützung Interesse geweckt? Wir freuen uns Sie bei der Besichitugng begrüssen zu dürfen!Anbieter kontaktierenKontaktieren"
"1692628384-87","https://www.immoscout24.ch/de/immobilien/mieten/ort-winterthur?pn=2","3,5 Zimmer, 103 m², CHF 2178.—","Else-Züblin-Strasse 92, 8404 Winterthur, ZH","","«Trendige Wohnung in Winterthur zu vermieten»","3,5 Zimmer, 103 m², CHF 2178.—Else-Züblin-Strasse 92, 8404 Winterthur, ZH«Trendige Wohnung in Winterthur zu vermieten»Die LageMit dem Eulachpark liegt der grösste Winterthurer Park direkt vor den Füssen Ihres neuen Zuhauses und lädt zum Verweilen ein. Hier wohnen Sie in einem aufstrebenden Quartier mit einer familienfreundlichen Infrastruktur, kurzen Gehdistanzen zu Schulen und dem Naherholungsgebiet. Zudem befindet sich auch die International School in WinterthurIm Trendquartier Neuhegi werden Sie sich dank der Nähe zur Bushaltestelle Else Züblin, den Bahnhöfen Winterthur Hegi und Oberwinterthur sowie zu verschiedenen Einkaufsmöglichkeiten und Dienstleistern Anbieter kontaktierenKontaktieren"
"1692628384-88","https://www.immoscout24.ch/de/immobilien/mieten/ort-winterthur?pn=2","3,5 Zimmer, 76 m², CHF 1946.—","Reismühlestr. 3, 8409 Winterthur, ZH","","«Gemütlich und modern am Eulachpark»","3,5 Zimmer, 76 m², CHF 1946.—Reismühlestr. 3, 8409 Winterthur, ZH«Gemütlich und modern am Eulachpark»Innert wenigen Gehminuten gelangen Sie zum Bahnhof Oberwinterthur. Auch der Eulachpark ist bequem zu Fuss erreichbar. Die Liegenschaft wurde 2018 umfassend saniert. Die Wohnung überzeugt mit folgenden Eigenschaften:  - Helle Räume - Moderne, offene Küche mit Geschirrspüler und Sichtbackofen - Gesamte Wohnung mit Parkettboden ausgestattet - Eigener Waschturm in der Wohnung (Waschmaschine und Tumbler) - Modernes Badezimmer mit Badewanne und Fenster - Sonniger Balkon - Glasfaseranschluss - Kellerabteil vorhanden - Lift vorhanden  Zur AllgemeinnutzAnbieter kontaktierenKontaktieren"
"1692628384-89","https://www.immoscout24.ch/de/immobilien/mieten/ort-winterthur?pn=2","4,5 Zimmer, 98 m², CHF 2495.—","Robert-Sulzer-Gasse 4, 8400 Winterthur, ZH","","«Urbane Lebensqualität im Wohnwerk Winterthur»","4,5 Zimmer, 98 m², CHF 2495.—Robert-Sulzer-Gasse 4, 8400 Winterthur, ZH«Urbane Lebensqualität im Wohnwerk Winterthur»Winterthurer Lokstadt: Wo gestern noch Werkstätten für die Produktion von Lokomotiven waren, ist heute erschwinglicher Wohnraum für jede Lebensphase entstanden. Ausgerichtet an den Zielen der 2000-Watt-Gesellschaft wird Lebensqualität gross geschrieben. Das Wohnwerk liegt direkt am lebendigen Dialogplatz. Gastronomie, Einkaufsmöglichkeiten sowie der öffentliche Verkehr befinden sich in unmittelbarer Umgebung.Für Ihre Wohnqualität:- Offene Küche mit direktem Zugang zum Wohnzimmer- Badezimmer mit Badewanne und WC und separates WC- Bodenbelag aus"
"1692628384-90","https://www.immoscout24.ch/de/immobilien/mieten/ort-winterthur?pn=2","5,5 Zimmer, 143 m², CHF 2680.—","Am Eulachpark 45, 8404 Winterthur, ZH","","«Maisonettewohnung im Grünen»","5,5 Zimmer, 143 m², CHF 2680.—Am Eulachpark 45, 8404 Winterthur, ZH«Maisonettewohnung im Grünen»Ihre vier Wände zum Wohlfühlen- Lichtdurchflutete Räume- Vielfältige Einrichtungsmöglichkeiten- Bodenbeläge Parkett- Raumhohe Fenster- Zweifronten-Küche mit Glaskeramik und Geschirrspüler- Bad/WC mit Doppellavabo- Dusche/WC- Reduit mit Waschturm Waschmaschine und Tumbler- LiftBitte beachten Sie, dass wir bis Ende 2024 in der Liegenschaft die Fenster und Fassade erneuern. Die Liegenschaft befindet sich derzeit in einer Baustelle.Einstellplätze vorhanden CHF 145.00--> Die Bilder entsprechen dem StandardEine Liegenschaft mit LIVING SERVICESwww.livAnbieter kontaktierenKontaktieren"
"1692628384-91","https://www.immoscout24.ch/de/immobilien/mieten/ort-winterthur?pn=2","3,5 Zimmer, 95 m², CHF 2390.—","Sulzerallee 72, 8404 Winterthur, ZH","","«Moderne Wohnung in Winterthur»","3,5 Zimmer, 95 m², CHF 2390.—Sulzerallee 72, 8404 Winterthur, ZH«Moderne Wohnung in Winterthur»Die hochwertig ausgebaute Mietwohnung wurde erst per November 2021 fertiggestellt. Sie begrüsst neue Mieter mit Architektur auf der Höhe der Zeit. Das Objekt bietet Ihnen nebst dem ansprechenden Grundriss folgenden Ausbaustandard:- Räume mit Anhydritboden- Geräumiges Schlafzimmer - Offene Küche- Badezimmer/WC- Eigener Waschturm- Balkon- Eigenes Kellerabteil- Nachhaltige Bauweise- Begrünter Innenhof Bei den Fotos handelt es sich um Musterbilder, die den Ausbaustandard darstellen. Die genaue Raumaufteilung können Sie dem Grundriss entnehmen. Ein Anbieter kontaktierenKontaktieren"
"1692628384-92","https://www.immoscout24.ch/de/immobilien/mieten/ort-winterthur?pn=2","2,5 Zimmer, 111 m², CHF 2515.—","Katharina Sulzer Platz 6, 8400 Winterthur, ZH","","«Modernes Wohnen garantiert! MIETEN OHNE KAUTION!»","2,5 Zimmer, 111 m², CHF 2515.—Katharina Sulzer Platz 6, 8400 Winterthur, ZH«Modernes Wohnen garantiert! MIETEN OHNE KAUTION!»Licht und Luft erfüllen Ihr neues Zuhause...- Hochmoderner Bau- origineller Grundriss- hohe Räume und grosse Fenster- alle Wohnräume Parkett- Küche/Bad Feinsteinzeugplatten- untere Etage mit Küche und Wohnbereich- obere Etage mit Galerie für Schlafen, Arbeiten etc.- grosse Küche mit GS, GK und Steamer- Bad mit eigenem Waschturm- elektrische Lamellenstoren- Parterre- Kellerabteil- im aufstrebenden Sulzer-Areal- öffentlicher Verkehr, Einkauf und Stadtzentrum zu Fuss erreichbar- Einstellplätze à Fr. 175.--/Mt. vorhandenFotos zeigen den Standard!=>Anbieter kontaktierenKontaktieren"
"1692628384-93","https://www.immoscout24.ch/de/immobilien/mieten/ort-winterthur?pn=2","4,5 Zimmer, 113 m², CHF 2700.—","Schlosshofstrasse 19, 8400 Winterthur, ZH","","«Werk 3 - rundum attrakiv leben im 2. Obergeschoss»","4,5 Zimmer, 113 m², CHF 2700.—Schlosshofstrasse 19, 8400 Winterthur, ZH«Werk 3 - rundum attrakiv leben im 2. Obergeschoss»Herzlich Willkommen im Werk 3. Das gut erschlossene Sulzer-Areal liegt im Brühlberg-Quartier, nahe dem Einkaufszentrum ""Lokwerk"". Das Stadtzentrum ist zu Fuss und per Buss schnell erreichbar, und die Nähe zur Autobahneinfahrt ""Töss"" bringt motorisierten Bewohnerneine zeitsparende Verkehrsanbindung nach Zürich und zum Flughafen. Das Werk 3 bietet viel Raum für individuelles Wohnen. Mit anderen Worten: Hier finden Sie die nötige Ruhe, für die Erfüllung urbaner und doch ungestörter Wohnträume.Die Wohnung ist mit allem ausgestattet, was von einer z"
"1692628384-94","https://www.immoscout24.ch/de/immobilien/mieten/ort-winterthur?pn=2","3 Zimmer, 60 m², CHF 1716.—","Habsburgstrasse 47, 8400 Winterthur, ZH","","«3-Zimmer-Wohnungen stadtnah und doch sehr ruhig gelegen»","3 Zimmer, 60 m², CHF 1716.—Habsburgstrasse 47, 8400 Winterthur, ZH«3-Zimmer-Wohnungen stadtnah und doch sehr ruhig gelegen»Besichtigung:Dienstag, 22. August 2023 um 17:00 UhrIn ruhigem Quartier, jedoch nur wenige Gehminuten vom Hauptbahnhof Winterthur und der Altstadt entfernt, vermieten wir nach Vereinbarung eine grosszügige 3-Zimmer-Wohnungen. Das Naherholungsgebiet liegt nur wenige Schritte entfernt.Im 2022 wurde die Fassade saniert und die Balkone vergrössert.Die Wohnungen werden frisch gestrichen.Die Wohnungen verfügen über:- Küche mit Gasherd- Bad/WC mit Fenster- Parkettböden in den Zimmern- grosszügiger Balkon- Keller-/EstrichabteilHaben wir Ihr Interesse ge"
"1692628384-95","https://www.immoscout24.ch/de/immobilien/mieten/ort-winterthur?pn=2","2,5 Zimmer, CHF 1700.—","Hermannstrasse 6, 8400 Winterthur, ZH","","«Schöne 2.5 Zimmerwohnung mit Balkon und Wintergarten»","2,5 Zimmer, CHF 1700.—Hermannstrasse 6, 8400 Winterthur, ZH«Schöne 2.5 Zimmerwohnung mit Balkon und Wintergarten»Schöne 2.5 Zimmerwohnung mit Wintergarten sucht per 1. Oktober 2023 einen Nachmieter.Die Wohnung befindet sich in einem ruhigen und freundlichen Quartier, in der Nähe des Schwimmbad Geiselweids, in einer 20er Zone. Den Bahnhof erreicht man mit dem Bus innerhalb von 10 Minuten.Ein Aussenparkplatz kann zu CHF 65.00/Monat dazu gemietet werden.Bei Fragen und Interesse für Besichtigungen stehen wir Ihnen gerne zur Verfügung."
"1692628384-96","https://www.immoscout24.ch/de/immobilien/mieten/ort-winterthur?pn=2","4 Zimmer, CHF 1845.—","Neuwiesenstrasse 85, 8400 Winterthur, ZH","","«Zentrale 4-Zimmer-Altbauwohnung»","4 Zimmer, CHF 1845.—Neuwiesenstrasse 85, 8400 Winterthur, ZH«Zentrale 4-Zimmer-Altbauwohnung»Besichtigung:Montag, 28. August 2023 von 18.00 Uhr - 21.00 Uhr undDienstag, 29. August 2023 von 14.45 Uhr - 16.15 UhrPer 1. Oktober 2023 vermieten wir diese wunderschöne Altbauwohnung direkt hinter dem Hauptbahnhof Winterthur.Die Wohnung verfügt über:- moderne Küche- Badezimmer mit Fenster- Parkett im Wohnzimmer- Platten im Badezimmer- Holzriemenboden in den Zimmern- Kellerabteil / EstrichabteilDie Fassade wurde im Jahr 2020 saniert, das Bad und die Küche im Jahr 2021.Haben wir Ihr Interesse geweckt? Dann nehmen Sie ohne Voranmeldung an dem obe"
"1692628384-97","https://www.immoscout24.ch/de/immobilien/mieten/ort-winterthur?pn=2","2,5 Zimmer, 54 m², CHF 1790.—","Zielstrasse 13, 8400 Winterthur, ZH","","«Einmalige 2.5-Zimmer-Wohnung in Stadtnähe»","2,5 Zimmer, 54 m², CHF 1790.—Zielstrasse 13, 8400 Winterthur, ZH«Einmalige 2.5-Zimmer-Wohnung in Stadtnähe»Im schönen Winterthur vermieten wir diese 2.5-Zimmer-Wohnung im 3. Obergeschoss.Alle Wohnräume sind mit dunklem Parkett versehen. Der Eingangsbereich, der Vorplatz sowie das Badezimmer verfügen über einen roten Bodenbelag.Der separate Eingangsbereich bietet dank Garderobenschrank ausgiebig Stauraum.Die moderne, offene Küche ist mit bedienungsfreundlichen Geräten ausgestattet.Das Badezimmer verfügt über eine Badewanne und hellblaue Wandplättli.Lassen Sie Ihren Feierabend auf dem schmucken Balkon ausklingen.Das Einkaufszentrum Rosenberg sowie dieAnbieter kontaktierenKontaktieren"
"1692628384-98","https://www.immoscout24.ch/de/immobilien/mieten/ort-winterthur?pn=2","2 Zimmer, 56 m², CHF 1347.—","Weststr. 134, 8408 Winterthur, ZH","","«Gemütliches Wohnen! ""Mieten ohne Kaution""»","2 Zimmer, 56 m², CHF 1347.—Weststr. 134, 8408 Winterthur, ZH«Gemütliches Wohnen! ""Mieten ohne Kaution""»An zentraler Lage in Winterthur-Wülflingen vermieten wir diese schöne 2-Zimmerwohnung: - Parkett im Wohnbereich- Keramikplatten in der Küche und im Badezimmer- Schöne Küche mit Geschirrspüler und Glaskeramikherd- Helles Badezimmer mit Badewanne- Sonniger Balkon- In gepflegter Umgebung- Nähe Bushaltestelle (Die Fotos entsprechen dem Standard)Anbieter kontaktierenKontaktieren"
"1692628384-99","https://www.immoscout24.ch/de/immobilien/mieten/ort-winterthur?pn=2","4,5 Zimmer, 117 m², CHF 2270.—","Endlikerstrasse 65, 8400 Winterthur, ZH","","«Wohnen an ruhiger, zentraler Lage»","4,5 Zimmer, 117 m², CHF 2270.—Endlikerstrasse 65, 8400 Winterthur, ZH«Wohnen an ruhiger, zentraler Lage»Könnte das Ihr neues Zuhause sein? In ruhiger und dennoch zentraler Lage vermieten wir diese grosszügige Wohnung. Die Wohnung überzeugt mit folgender Ausstattung:Wohn-/Esszimmer: ParkettbodenSchlafzimmer: Parkettboden, BodenheizungKüche mit Balkon: Novilonboden, Schiebetüre, GlaskeramikherdBad/WC: Plattenboden, Spiegelschrankseparates WC: Plattenboden, SpiegelschrankReduitgrosser BalkonKeller- und EstrichabteilLiftSpielplatzDie Liegenschaft wird im Frühjahr 2024 saniert. Die Sanierung wird im bewohnten Zustand durchgeführt und muss während der"
"1692628384-100","https://www.immoscout24.ch/de/immobilien/mieten/ort-winterthur?pn=2","3,5 Zimmer, 93 m², CHF 1950.—","Römerstr. 128, 8404 Winterthur, ZH","","«3.5 Zimmerwohnung nahe dem alten Dorfkern Oberi! ""Mieten ohne Kaution""»","3,5 Zimmer, 93 m², CHF 1950.—Römerstr. 128, 8404 Winterthur, ZH«3.5 Zimmerwohnung nahe dem alten Dorfkern Oberi! ""Mieten ohne Kaution""»Im Dorfkern von Oberwinterthur vermieten wir diese schöne3.5 Zimmerwohnung, profitieren Sie von folgenden Vorzügen.- Moderne Küche mit Glaskeramikherd und Geschirrspüler- Helles Badezimmer mit Dusche und Badewanne - Bodenbelag im Wohnbereich und Korridor Parkett- Schlafzimmer mit Vynil- Praktische Wandschränke im Korridor- Reduit- Kellerabteil- Gut besonnter Balkon- Lift- Ruhige Lage, gepflegte Umgebung- Nähe Einkaufsmöglichkeiten- Gute Verkehrsanbindung(Die Fotos entsprechen dem Standard)Anbieter kontaktierenKontaktieren"
"1692628384-101","https://www.immoscout24.ch/de/immobilien/mieten/ort-winterthur?pn=2","2 Zimmer, 52 m², CHF 1594.—","Roggenweg 14, 8405 Winterthur, ZH","","«Mietkautionsfrei Wohnen in Winterthur Seen»","2 Zimmer, 52 m², CHF 1594.—Roggenweg 14, 8405 Winterthur, ZH«Mietkautionsfrei Wohnen in Winterthur Seen»Gepflegte Liegenschaft mit viel Grünfläche:- Wohnbereich mit Parkett- Zimmer mit Linoleum- offene Küche- Bad mit Badewanne, separates WC- Der Einbauschrank schafft mehr Stauraum- Balkon- KellerabteilEinstellplatz à CHF 120.- pro Monat kann dazugemietet werden. Die Bilder zeigen den Standard der Liegenschaft und entsprechen nicht immer der angebotenen Wohnung.Anbieter kontaktierenKontaktieren"
"1692628388-102","https://www.immoscout24.ch/de/immobilien/mieten/ort-winterthur?pn=1","1 Zimmer, 163 m², CHF 2800.—","Katharina Sulzer Platz 2, 8400 Winterthur, ZH","","«Passend zu Ihrem Lifestyle ""MIETEN OHNE KAUTION""»","premium1 Zimmer, 163 m², CHF 2800.—Katharina Sulzer Platz 2, 8400 Winterthur, ZH«Passend zu Ihrem Lifestyle ""MIETEN OHNE KAUTION""»Licht und Luft erfüllen Ihr neues Zuhause...- Aussergewöhnliche Innen- und Aussenarchitektur- Hohe Decken und grosse Fensterfronten - Küche mit Geschirrspüler, Backofen und Steamer- Bad mit Badewanne und WC - Eigene Waschmaschine und Trockner in der Wohnung- Bodenbeläge: Parkett und Platten- Terrasse zur Mitbenutzung- Eigenes Kellerabteil- Lift vorhanden- Bahnhof, Einkaufsmöglichkeiten, Restaurants etc. alles zu Fuss oder mit dem Fahrrad erreichbar- Einstellplätze können für CHF 175.- pro Monat dazugemietet werden.- Fotos zeigen eine typähnlichAnbieter kontaktierenKontaktieren"
"1692628388-103","https://www.immoscout24.ch/de/immobilien/mieten/ort-winterthur?pn=1","4,5 Zimmer, 108 m², CHF 2430.—","Sulzerallee 51, 8404 Winterthur, ZH","","«""ROY erlebe das neue Winterthur""»","premium4,5 Zimmer, 108 m², CHF 2430.—Sulzerallee 51, 8404 Winterthur, ZH«""ROY erlebe das neue Winterthur""»Sind Sie auf der Suche nach einem neuen, modernen zu Hause? Bei uns finden Sie garantiert die perfekte Wohnung, welche Ihren Vorstellungen entspricht.Lassen Sie sich vom hochwertigen Ausbaustandard überzeugen und vereinbaren Sie noch heute einen individuellen Besichtigungstermin.Alle Informationen finden Sie auf unserer Objekthomepage https://www.roy-winterthur.chWir freuen uns auf Ihre Kontaktaufnahme.- Glasfaseranschluss"
"1692628388-104","https://www.immoscout24.ch/de/immobilien/mieten/ort-winterthur?pn=1","2,5 Zimmer, 70 m², CHF 2850.—","Moosackerstrasse 5, 8405 Winterthur, ZH","","«Grosszügige 2.5 Attikawohnung möbliert»","premium2,5 Zimmer, 70 m², CHF 2850.—Moosackerstrasse 5, 8405 Winterthur, ZH«Grosszügige 2.5 Attikawohnung möbliert»An zentraler Lage in Winterthur-Seen vermieten wir eine hochwertig möbliertes 2.5-Zimmer-Apartment. Die Attikawohnung befindet sich in einem Neubau Mehrfamilienhaus in Winterthur-Seen.Die stilvolle Attika-Wohnung überzeugt mit einem individuellen Grundriss, hohen Wohnkomfort und lichtdurchfluteten Räumlichkeiten. Die Wohnung verfügt über einen hochwertigen Ausbau mit Eichenparkett, moderne Küche mit Induktions-Kochfeld, Kombi Steamer, diversen Einbauspots, Holz-Metall Fenstern (3-fach Isolierverglasung), WM/TU und Multimediadose mit Glasfaseran"
"1692628388-105","https://www.immoscout24.ch/de/immobilien/mieten/ort-winterthur?pn=1","1,5 Zimmer, 30 m², CHF 2150.—","Ebnetstrasse 6, 8406 Winterthur, ZH","","«Hochwertig möbliertes Business Apartment, fully furnished!»","premium1,5 Zimmer, 30 m², CHF 2150.—Ebnetstrasse 6, 8406 Winterthur, ZH«Hochwertig möbliertes Business Apartment, fully furnished!»An zentraler Lage in Winterthur vermieten wir ein hochwertig möbliertes 1.5-Zimmer-Apartment. Das Apartment verfügt über eine grosse Dachterrasse von ca. 37 m2. Der einzigartige Grundriss, sowie die grossen Fensterflächen garantieren einen lichtdurchfluteten Raum mit angenehmer Wohnatmosphäre. Das Apartment verfügt über eine Boden ebene Dusche mit Glastrennwand, Waschmaschine und Tumbler, eine moderne Küche und separates Entrée. Die Küche ist mit allem notwendigem eingerichtet. Die Bushaltestelle befindet sich nur wenige Meter entfernt und brin"
"1692628388-106","https://www.immoscout24.ch/de/immobilien/mieten/ort-winterthur?pn=1","4,5 Zimmer, 105 m², CHF 2192.—","Tösstalstrasse 151, 8400 Winterthur, ZH","","«WG Zimmer zu vermiten»","top4,5 Zimmer, 105 m², CHF 2192.—Tösstalstrasse 151, 8400 Winterthur, ZH«WG Zimmer zu vermiten»1-2 WG Zimmer freiMitbewohnerIn gesucht für 4.5-Zimmerwohnung.Aktuell wohne ich (Samuel) mit einem Mitbewohner in dieser Wohnung (Miete ca. 2200.-). Nun suche ich 1-2 neue MitbewohnerInnen per 1. September 2023. Die Wohnung ist ca. 8min mit Bus vom Bahnhof Winterthur entferne und auch mit dem Fahrrad gut erreichbar.Es gib zwei freie Zimmer. Die Zimmer sind hell und sonnig. Es hat ein gemeinsames Wohnzimmer, einen Balkon, eine separate Toilette sowie ein Bad.Wie die Miete und die Zimmer zukünftig aufgeteilt werden, hängt von der Anzahl der Bewoh"
"1692628388-107","https://www.immoscout24.ch/de/immobilien/mieten/ort-winterthur?pn=1","2,5 Zimmer, 91 m², CHF 2115.—","Steiggasse 3, 8400 Winterthur, ZH","","«Erstbezug: Sanierte Wohnung im Herzen der Winterthurer Altstadt»","2,5 Zimmer, 91 m², CHF 2115.—Steiggasse 3, 8400 Winterthur, ZH«Erstbezug: Sanierte Wohnung im Herzen der Winterthurer Altstadt»Wir vermieten ab November 2023 eine frisch sanierte 2.5-Zimmer-Wohnung mit ca. 91 m2 in einer Altbauliegenschaft an beliebter Lage. Die Wohnung weist folgende Vorzüge auf.grosszügier Eingangsbereichgemütliches Wohnzimmer gassenseitig mit historischer Holzwand und Sichtbalkenmoderne und offene Küche mit Geschirrspüler, Kühlschrank mit separatem Gefrierschrank, Induktionskochfeld, Gerätemarken Elektroluxmoderne Duscheseparates WCeigener Waschraum mit Waschmaschine/TumblerSchlafzimmer Seite Steiggasse separater Abstellraum, z.B. als begehbares AnkAnbieter kontaktierenKontaktieren"
"1692628388-108","https://www.immoscout24.ch/de/immobilien/mieten/ort-winterthur?pn=1","3,5 Zimmer, 91 m², CHF 2480.—","Rudolfstr. 25, 8400 Winterthur, ZH","","«Modernes Wohnen im Herzen der Stadt»","3,5 Zimmer, 91 m², CHF 2480.—Rudolfstr. 25, 8400 Winterthur, ZH«Modernes Wohnen im Herzen der Stadt»Der luxeriöse Ausbaustandart, die eindrückliche Raumhöhe sowie der exklusive Blick über Winterthur machen das Wohnen im Zentrum der Stadt einmalig. - Im oberstes Geschoss mit kreativem Grundriss- Ganze Wohnung Eschenparkett- Variable Raumgestaltung dank Schiebetüren- Moderne, offene Küche- Bad/WC und sep. Dusche/WC mit Natursteinplatten- Waschturm in der Wohnung- Lift direkt in die Wohnung- Entrée mit Garderobenraum- Einbauschränke- Grosse Terrasse (16.4 m2)Die Bilder zeigen den Standard der Liegenschaft und entsprechen nicht immer der angeboteAnbieter kontaktierenKontaktieren"
"1692628388-109","https://www.immoscout24.ch/de/immobilien/mieten/ort-winterthur?pn=1","3,5 Zimmer, 95 m², CHF 2380.—","Seuzacherstr. 7b, 8400 Winterthur, ZH","","«Modern und zentral! Wohnen über der Shopping-Mall!»","3,5 Zimmer, 95 m², CHF 2380.—Seuzacherstr. 7b, 8400 Winterthur, ZH«Modern und zentral! Wohnen über der Shopping-Mall!»Sie wollten schon immer an einem speziellen Ort wohnen? Dann sind Sie hier genau richtig! Per 01.10.2023 sucht diese tolle moderne Wohnung einen neuen Bewohner!- Zentrale Lage- Gesamte Wohnung mit Parkett- Offene Küche mit Glaskeramikherd, Geschirrspüler und Backofen- Badezimmer mit Badewanne- Waschmaschine / Tumbler in der Wohnung- Grosser Balkon- Reduit- Kellerabteil- Lift- Kontrollierte Wohnungslüftung- Eigene Conciergerie in der Liegenschafthttp://www.james-winterthur.ch- Migros direkt in der Liegenschaft (Einkaufszentrum Rosenberg)- Sehr nAnbieter kontaktierenKontaktieren"
"1692628388-110","https://www.immoscout24.ch/de/immobilien/mieten/ort-winterthur?pn=1","2,5 Zimmer, 66 m², CHF 2334.—","Obertor 23 / 23a, 8400 Winterthur, ZH","","«Exklusiver Lebensraum im Zentrum»","2,5 Zimmer, 66 m², CHF 2334.—Obertor 23 / 23a, 8400 Winterthur, ZH«Exklusiver Lebensraum im Zentrum»Sind Sie auf der Suche nach einer Wohnung mit viel Charme und Persönlichkeit? Dann haben wir genau die passende Wohnung für Sie.Am Obertor 23 vermieten wir eine im Jahr 2020 sanierte 2.5-Zimmer-Wohnung im 2. Obergeschoss. Der Charme der Vergangenheit bleibt erhalten, wird jedoch mit dem Komfort von neuen Bädern und Küchen kombiniert.Wohnungsübersicht: Zentrale Wohnlage in der charmanten Winterthurer Altstadt  Ganze Wohnung mit Eichenparkett Grosszügiges Wohnzimmer mit historischem Kachelofen Moderne Küche, ausgestattet mit hochwertigen Geräten Anbieter kontaktierenKontaktieren"
"1692628388-111","https://www.immoscout24.ch/de/immobilien/mieten/ort-winterthur?pn=1","3 Zimmer, 80 m², CHF 2691.—","Tösstalstrasse 2/4, 8400 Winterthur, ZH","","«Am Puls des Altstadtlebens»","3 Zimmer, 80 m², CHF 2691.—Tösstalstrasse 2/4, 8400 Winterthur, ZH«Am Puls des Altstadtlebens»Ab 1. November 2023 vermieten wir in der historischen Altstadtliegenschaft Zum hinteren Hecht eine hochwertige 3-Zimmer-Wohnung mit ca. 80 m2. In dieser im Jahr 2017 renovierten Liegenschaft trifft der Komfort der Moderne auf den Charme der Vergangenheit.Ihre wichtigsten Wohnungsvorzüge:Grosszügiges und helles WohnzimmerBalkon hofseitigHochwertiger Parkettboden in allen WohnräumenHistorische Wände mit Sichtbalken in Wohnzimmer u. SchlafzimmerModerne und offene Küche, ausgestattet mit modernen Geräten und GeschirrspülerEigener WaschturmBadezimmeNeuAnbieter kontaktierenKontaktieren"
"1692628388-112","https://www.immoscout24.ch/de/immobilien/mieten/ort-winterthur?pn=1","2,5 Zimmer, 69 m², CHF 1780.—","Eichgutstr. 2, 8400 Winterthur, ZH","","«Am Hauptbahnhof Winterthur in 1 Minute!»","2,5 Zimmer, 69 m², CHF 1780.—Eichgutstr. 2, 8400 Winterthur, ZH«Am Hauptbahnhof Winterthur in 1 Minute!»- Bodenbeläge: heller Eschenparkett im Wohnbereich / Natursteinplatten in den Badezimmer- Grosszügiges Entrée mit Garderobe - Schlafzimmer mit begehbarem Schrank- Küche mit Geschirrspüler und Glaskeramikherd- Badezimmer mit Badewanne und separates Gäste-WC- Eigener Waschturm (Waschmaschine und Tumbler)- Loggia mit raumhoher Verglasung, aussen Schiebefenster- Lift- Kellerabteil- Sehr zentrale Lage(Die Bilder zeigen den Standard der Liegenschaft und entsprechen nicht immer der angebotenen Wohnung.)www.eichgut-winterthur.chAnbieter kontaktierenKontaktieren"
"1692628388-113","https://www.immoscout24.ch/de/immobilien/mieten/ort-winterthur?pn=1","3,5 Zimmer, 89 m², CHF 2390.—","Strickerstrasse 1, 8400 Winterthur, ZH","","«Schöne, moderne 3.5 Zimmer-Stadtwohnung im Zentrum Neuwiesen»","3,5 Zimmer, 89 m², CHF 2390.—Strickerstrasse 1, 8400 Winterthur, ZH«Schöne, moderne 3.5 Zimmer-Stadtwohnung im Zentrum Neuwiesen»Ab 01. Dezember oder nach Vereinbarung vermieten wir diese schöne, teilsanierte 3.5-Zimmer-Wohnungen im EKZ Neuwiesen.Der Standort befindet sich an zentraler Lage, direkt neben dem Hauptbahnhof Winterthur.Eine erstklassige und gepflegte Ausstattung, eine zentrale Lage mit verschiedenen Einkaufs- und Ausgehmöglichkeiten, sowie ein reichhaltiges Angebot an kulturellen, kulinarischen und sportlichen Aktivitäten.Die Wohnung bietet folgendes:- Neue Bodenbeläge in allen Wohn- und Schlafräumen- Neue, moderne Küche mit grossem Kühlschrank, sep. GefrierAnbieter kontaktierenKontaktieren"
"1692628388-114","https://www.immoscout24.ch/de/immobilien/mieten/ort-winterthur?pn=1","3,5 Zimmer, 75 m², CHF 1660.—","Grüzefeldstrasse 40, 8400 Winterthur, ZH","","«Wow! Schöne 3.5 Z-Wohnung mit neuer Küche und Balkon»","3,5 Zimmer, 75 m², CHF 1660.—Grüzefeldstrasse 40, 8400 Winterthur, ZH«Wow! Schöne 3.5 Z-Wohnung mit neuer Küche und Balkon»Wir vermieten an der Grüzefeldstrasse 40 eine schöne 3.5 Zimmer-Wohnung im 1. OG mit Balkon. Die Wohnung bietet 75m2 Wohnfläche. Im Korridor gibt es zwei Einbauschränke, welche komplett erneuert werden. Die Küche inkl. Plattenboden ist frisch saniert und in moderner Farbe gehalten. Bei der Snaierung wurde die Küche mit der Diele verbunden. Somit gibt es jetztviel Platz für einen Esstisch und direktem Zugang zur offenen Küche. Das Bad ist mit einer Badewanne ausgestattet. Im gesamten Wohnbereich und den beiden Schlafzimmern gibt es neue BodenbelNeuAnbieter kontaktierenKontaktieren"
"1692628388-115","https://www.immoscout24.ch/de/immobilien/mieten/ort-winterthur?pn=1","4,5 Zimmer, 105 m², CHF 2390.—","Hegistr. 41b, 8404 Winterthur, ZH","","«Topmodernes Wohnen in Oberi «Mieten ohne Kaution»»","4,5 Zimmer, 105 m², CHF 2390.—Hegistr. 41b, 8404 Winterthur, ZH«Topmodernes Wohnen in Oberi «Mieten ohne Kaution»»- Helle Wohnung- Ganze Wohnung Parkett- Moderne Küche mit Glaskeramik und Geschirrspüler- grosszügiges Bad/WC mit Wanne, Doppellavabo und Fenster- sep. Dusche/WC- eigene Waschmaschine mit Tumbler- sehr grosser Balkon mit 20 m2- Keller- Bahnhof Oberwinterthur in unmittelbarer Nähe- Einstellplätze für je CHF 140.00 mtl. vorhandenWeitere Informationen auf www.talwiesen.ch.NeuAnbieter kontaktierenKontaktieren"
"1692628388-116","https://www.immoscout24.ch/de/immobilien/mieten/ort-winterthur?pn=1","3,5 Zimmer, 95 m², CHF 2610.—","Seuzacherstr. 13b, 8400 Winterthur, ZH","","«Modern und zentral! Wohnen über der Shopping-Mall!»","3,5 Zimmer, 95 m², CHF 2610.—Seuzacherstr. 13b, 8400 Winterthur, ZH«Modern und zentral! Wohnen über der Shopping-Mall!»Schöne und moderne Wohnung sucht neuen Bewohner!- Zentrale Lage- Gesamte Wohnung mit Parkett- Offene Küche mit Glaskeramikherd, Geschirrspüler und Backofen- Badezimmer mit Badewanne und separates Badezimmer mit Dusche- Waschmaschine / Tumbler in der Wohnung- Grosser Balkon (Loggia)- Reduit- Kellerabteil- Lift- Minergiewohnüberbauung mit kontrollierter Lüftung- Migros direkt in der Liegenschaft (Einkaufszentrum Rosenberg)- Sehr nahe gelegene Busstation Einstellplatz für CHF 140.- pro Monat Homepage: http://www.james-winterthur.chHaben wir Ihr InAnbieter kontaktierenKontaktieren"
"1692628388-117","https://www.immoscout24.ch/de/immobilien/mieten/ort-winterthur?pn=1","2,5 Zimmer, 58 m², CHF 1720.—","Ida-Sträulistr. 43, 8404 Winterthur, ZH","","«Idyllische Lage gewünscht?»","2,5 Zimmer, 58 m², CHF 1720.—Ida-Sträulistr. 43, 8404 Winterthur, ZH«Idyllische Lage gewünscht?»Willkommen bei sue&tilTauchen Sie ein, denn hier erwartet Sie eine spritzige, inspirierende und innovative Wohnoase, welche auch Ihr Herz höher schlagen lässt!Wir sind die neue Siedlung im modernen Winterthurer Quartier Neuhegi mit Parks und allem, was es für ein aktives Leben braucht. sue&til legt grossen Wert darauf, Ihnen zahlreiche Highlights und Annehmlichkeiten zu bieten. Sie können sicher sein, dass sue&til Ihnen nicht nur alle Ihre Wünsche an Ihr neues Zuhause erfüllt, sondern viel mehr bietet.Für Ihren Wohnkomfort verfügt die Wohnung üAnbieter kontaktierenKontaktieren"
"1692628388-118","https://www.immoscout24.ch/de/immobilien/mieten/ort-winterthur?pn=1","2,5 Zimmer, 68 m², CHF 1940.—","Sulzer-Allee 75, 8404 Winterthur, ZH","","«Lebensfreude beginnt daheim»","2,5 Zimmer, 68 m², CHF 1940.—Sulzer-Allee 75, 8404 Winterthur, ZH«Lebensfreude beginnt daheim»Willkommen bei sue&tilTauchen Sie ein, denn hier erwartet Sie eine spritzige, inspirierende und innovative Wohnoase, welche auch Ihr Herz höher schlagen lässt!Wir sind die neue Siedlung im modernen Winterthurer Quartier Neuhegi mit Parks und allem, was es für ein aktives Leben braucht. sue&til legt grossen Wert darauf, Ihnen zahlreiche Highlights und Annehmlichkeiten zu bieten. Sie können sicher sein, dass sue&til Ihnen nicht nur alle Ihre Wünsche an Ihr neues Zuhause erfüllt, sondern viel mehr bietet.Für Ihren Wohnkomfort verfügt die Wohnung üAnbieter kontaktierenKontaktieren"
"1692628388-119","https://www.immoscout24.ch/de/immobilien/mieten/ort-winterthur?pn=1","3,5 Zimmer, 113 m², CHF 2430.—","Sulzerallee 65, 8404 Winterthur, ZH","","«Sie brauchen Platz - ROY - hat ihn!»","3,5 Zimmer, 113 m², CHF 2430.—Sulzerallee 65, 8404 Winterthur, ZH«Sie brauchen Platz - ROY - hat ihn!»Sind Sie auf der Suche nach einem neuen, modernen zu Hause? Bei uns finden Sie garantiert die perfekte Wohnung, welche Ihren Vorstellungen entspricht.Lassen Sie sich vom hochwertigen Ausbaustandard überzeugen und vereinbaren Sie noch heute einen individuellen Besichtigungstermin.Alle Informationen finden Sie auf unserer Objekthomepage https://www.roy-winterthur.chWir freuen uns auf Ihre Kontaktaufnahme.Die Bilder entsprechen dem Standard einer typähnlichen Musterwohnung. Abweichungen sind möglich.Wir freuen uns über Ihre Kontaktaufnahme!- GlasfAnbieter kontaktierenKontaktieren"
"1692628388-120","https://www.immoscout24.ch/de/immobilien/mieten/ort-winterthur?pn=1","3 Zimmer, 65 m², CHF 1435.—","Strahleggstrasse 68, 8400 Winterthur, ZH","","«Mitten in der Stadt und doch im Grünen»","3 Zimmer, 65 m², CHF 1435.—Strahleggstrasse 68, 8400 Winterthur, ZH«Mitten in der Stadt und doch im Grünen»Per 01.11.2023 vermieten wir diese schöne 3.0-Zimmerwohnung in Winterthur.Die Wohnung bietet Ihnen folgende Annehmlichkeiten: - Wohn- und Schlafzimmer mit Parkettboden- Küche und Nasszelle mit pflegeleichtem, hellem Plattenboden - Küche mit Glaskeramikherd, Geschirrspüler, Backofen und genügend Stauraum für Ihre Küchenutensilien- Badezimmer mit WC, Lavabo, Spiegelschrank und Badewanne- Korridor mit praktischen Einbauschränken- Balkon zum Verweilen- Eigenes KellerabteilHaustiere sind in dieser Liegenschaft erlaubt.Bitte beachten Sie, dass wir akAnbieter kontaktierenKontaktieren"
"1692628388-121","https://www.immoscout24.ch/de/immobilien/mieten/ort-winterthur?pn=1","4 Zimmer, 64 m², CHF 1875.—","Töpferstrasse 8, 8400 Winterthur, ZH","","«Wohnen im Sidiareal, www.sidiareal.ch»","4 Zimmer, 64 m², CHF 1875.—Töpferstrasse 8, 8400 Winterthur, ZH«Wohnen im Sidiareal, www.sidiareal.ch»Modernes Wohnen an sehr kinderfreundlicher Zone. Hervorragende Einkaufsmöglichkeiten, Freizeit- und Fitnessangebote befinden sich in unmittelbarer Nähe. Mit dem öffentlichen Verkehr gelangt man innert 3 Minuten ins Zentrum von Winterthur. Daneben verfügt Winterthur über mehrere Autobahnanschlüsse. Die Wohnung überzeugt mit folgenden Eigenschaften: - Wohn- und Schlaffbereich mit Parkett ausgestattet - Helles Wohnzimmer - Moderne Küche mit dunkler Granitabdeckung - Badezimmer mit Badewanne - Sonniger Balkon  - Eigener Kellerabteil Einstellplätze Anbieter kontaktierenKontaktieren"
"1692628388-122","https://www.immoscout24.ch/de/immobilien/mieten/ort-winterthur?pn=1","4,5 Zimmer, 112 m², CHF 2970.—","Rudolfstr. 25, 8400 Winterthur, ZH","","«So schön kann wohnen sein!»","4,5 Zimmer, 112 m², CHF 2970.—Rudolfstr. 25, 8400 Winterthur, ZH«So schön kann wohnen sein!»Der luxeriöse Ausbaustandart, die eindrückliche Raumhöhe sowie der exklusive Blick über Winterthur machen das Wohnen im Zentrum der Stadt einmalig. Das Mietobjekt ist wie folgt ausgestattet:- Moderne Küche- hochwertiger Eschenparkett in allen Wohnräumen- zwei Nasszellen mit beigen Natursteinplatten und hochhwertigen Armaturen - eigener Waschturm in der Wohnung- Entrée mit Garderobenschränken- Individuelle Raumaufteilung dank Schiebetüren- Einbauschränke mit viel StauraumParkplätze in der Tiefgarage können dazu gemietet werden.Haben wir Ihr InteAnbieter kontaktierenKontaktieren"
"1692628388-123","https://www.immoscout24.ch/de/immobilien/mieten/ort-winterthur?pn=1","2,5 Zimmer, 78 m², CHF 1875.—","Im Grüntal 21, 8405 Winterthur, ZH","","«Moderne 2.5 Zimmer Wohnung!»","2,5 Zimmer, 78 m², CHF 1875.—Im Grüntal 21, 8405 Winterthur, ZH«Moderne 2.5 Zimmer Wohnung!»Per 01.10.2021 vermieten wir Ihnen diese stylische, moderne Neubauwohnung. Mit 78 m2 und 2.5 Zimmern ist diese perfekt für Sie und Ihren Partner:- Grüne Umgebung- Ganzer Wohnbereich mit Parkett ausgelegt- Moderne Küche mit Glaskeramik, Geschirrspüler und  Hocheinbaubackofen- Dusche/WC mit Keramikplatten - Wandschränke im Korridor- Eigene Waschmaschine mit Tumbler in einem sep. Reduit- Balkon*Die Bilder zeigen den Standard der Wohnung*- Einstellplatz à CHF 130.00 vorhandenKonnten wir Ihr Interesse wecken? Dann freuen wir uns auf Ihre KontaktaufnAnbieter kontaktierenKontaktieren"
"1692628388-124","https://www.immoscout24.ch/de/immobilien/mieten/ort-winterthur?pn=1","4,5 Zimmer, 94 m², CHF 3480.—","Hörnlistrasse 85, 8400 Winterthur, ZH","","«4 1/2 Maisonette Whg. Grosszügig, sonnig, mit Kamin, 2 Balkone mit schöner Aussicht, 2 Badezimmer»","4,5 Zimmer, 94 m², CHF 3480.—Hörnlistrasse 85, 8400 Winterthur, ZH«4 1/2 Maisonette Whg. Grosszügig, sonnig, mit Kamin, 2 Balkone mit schöner Aussicht, 2 Badezimmer»Die wunderschön gelegene 4 1/2 Zimmer Maisonette Luxus Wohnung hat folgendes zu bieten:2 Schlafzimmer, wobei das grosse Schlafzimmer in zwei kleinere Zimmer geteilt werden könnte.1 grosses und helles Wohnzimmer mit Kamin.2 Balkone mit idyllischer und unverbaubarer Aussicht. Der ostseitige Balkon führt in den grossen Wohnbereich mit Kamin. Ein weiterer Balkon ist auf der Westseite, zugänglich vom Essplatz und der Küche.Küche mit Einbauschränken, integrierter Geschirrspülmaschine und mit Aussicht ins Grüne.Die Wohnung bietet 2 Badezimmer, eines mNeu"
"1692628388-125","https://www.immoscout24.ch/de/immobilien/mieten/ort-winterthur?pn=1","3,5 Zimmer, 85 m², CHF 1950.—","Agnesstrasse 14 a, 8406 Winterthur, ZH","","«Hier blüht das Leben!»","3,5 Zimmer, 85 m², CHF 1950.—Agnesstrasse 14 a, 8406 Winterthur, ZH«Hier blüht das Leben!»SAMMELBESICHTIGUNGEN (OHNE VORANMELDUNG)- Montag, 28.08.2023 ab 18.30 Uhr bis 19.30 Uhr- Mittwoch, 30.08.2023 ab 18.30 Uhr bis 19.30 UhrBitte klingeln Sie bei JENAL / FRIES um den Zugang zu erhalten.MITTEN DRIN!- Diese Liegenschaft befindet sich direkt neben der Lokstadt, dem neusten und innovativsten Winterthurer Stadtteil.- Das Einkaufzentrum Lokwerk liegt gegenüber dieser Wohnung. - In 6 Minuten mit dem Bus am Bahnhof und in 5 Minuten auf der Autobahn:Diese Umstände bieten eine perfekte Ausgangslage für Arbeit und Freizeit.DIESES ZUHAUSE BIE"
